artifact_kind	path	bytes	sha256	rows	columns	schema	schema_sha256	workload	profile
input	full/exact/build_results.tsv	1665	634708484cf78b6449038142fea9ceee395b6b84c39bf44ca22d3a6329d2f1d3	3	32	run_id,dataset,scenario,method,backend,backend_signature,sdsl_version,coordinate_width,sa_sampling_rate,threads,build_seconds_median,build_seconds_min,build_seconds_max,build_user_cpu_seconds_median,build_system_cpu_seconds_median,sa_build_seconds_median,isa_build_seconds_median,lcp_build_seconds_median,child_build_seconds_median,learned_index_build_seconds_median,all_phase_worker_peak_rss_mb_max,build_worker_peak_rss_mb_median,save_seconds_median,save_worker_peak_rss_mb_median,serialized_bytes,allocated_disk_bytes,learned_index_bytes,bits_per_base,load_seconds_median,load_worker_peak_rss_mb_median,query_worker_peak_rss_mb_max,status	66144e528cec6a8a537b528adefbc5a9040cbd53da6bbb8721609e4802943df2	exact	full
input	full/exact/query_results.tsv	37217	c24bf155d0b2eff53fcd6361a8c31a6351942e13453711f7fcbe564af214c06c	126	41	run_id,dataset,scenario,method,query_group,pattern_length,strand,operation,max_hits,query_count,skipped_high_frequency_queries,seconds_median,seconds_min,seconds_max,qps_median,nanoseconds_per_query_median,query_worker_peak_rss_mb,total_hits,reported_hits,result_checksum,suffix_comparisons,character_comparisons,gallop_probes,local_window_rows,local_window_rows_max,predictions,prediction_error_mean,prediction_error_p50,prediction_error_p95,prediction_error_p99,prediction_error_max,local_window_rows_p50,local_window_rows_p95,local_window_rows_p99,full_binary_fallbacks,status,fm_query_mode,fm_batch_width,query_bases,query_bases_per_second,speedup_vs_fm_huff_scalar	b370569c27cd53d321dc4e9f17fcf6897ed340d65872de386300371fd2c1e3b9	exact	full
input	full/exact/raw_repetitions.tsv	3188558	118b9683a01bc9e3e97f9c147377b2f58297d35857fc928f803c1a84e11f1de1	10387	57	run_id,dataset,scenario,method,phase,query_group,pattern_length,strand,operation,max_hits,repetition,query_count,skipped_high_frequency_queries,seconds,user_cpu_seconds,system_cpu_seconds,peak_rss_mb,peak_rss_scope,total_hits,reported_hits,result_checksum,status,query_id,query_source,suffix_comparisons,character_comparisons,gallop_probes,local_window_rows,local_window_rows_max,predictions,prediction_error_sum,prediction_error_max,full_binary_fallbacks,fm_query_mode,fm_batch_width,query_bases,query_bases_per_second,speedup_vs_fm_huff_scalar,threads,total_bases,serialized_bytes,allocated_disk_bytes,learned_index_bytes,sa_build_seconds,isa_build_seconds,lcp_build_seconds,child_build_seconds,learned_index_build_seconds,backend,backend_signature,sdsl_version,coordinate_width,sa_sampling_rate,canary_total_hits,canary_reported_hits,canary_checksum,query_threads	f05f676abdcdbd5c691e51b15d7a039d43c74bdebf9e6bb8187dcfe7b9873f84	exact	full
input	full/exact/run_metadata.tsv	896	aa60ee7444e994ea54fc035c5127505ea82725df60e41b1dac6921a0cd63dc36	1	38	run_id,timestamp,profile,scenario,seed,dataset,dataset_fingerprint,query_set_checksum,query_count,query_bases,total_bases,contigs,gc_fraction,ambiguous_fraction,repeat_fraction,methods,pattern_lengths,locate_limits,build_repetitions,query_repetitions,warmups,sa_threads,learned_k,learned_memory_overhead_basis_points,learned_bucket_bits,fm_query_modes,fm_batch_widths,fm_batch_width_overrides,reference_seconds,normalization_seconds,compiler,compiler_version,cmake_version,build_type,os,architecture,cpu_model,logical_cpus	abcd4eef9b0f611bdef36f58dc2946c6eef333708f1d6e07260987088bcf6b85	exact	full
input	full/right-maximal/build_results.tsv	1247	4bc0994a2bcf8516980ad2a5d29d975dcb96914caaefb17af1f964eccb670047	2	26	dataset,method,algorithm,sa_acceleration,sa_sampling_rate,repetitions,build_seconds,sa_build_seconds,isa_build_seconds,lcp_build_seconds,child_build_seconds,learned_index_build_seconds,save_seconds,load_seconds,build_peak_rss_mb_median,save_peak_rss_mb_median,load_peak_rss_mb_median,build_peak_rss_scope,save_peak_rss_scope,load_peak_rss_scope,serialized_bytes,allocated_disk_bytes,auxiliary_bytes,learned_index_bytes,bits_per_base,status	9810e788c3ef4565d294b8ffb71e68c34ebf4ca848507739e6dd1e169353dc24	metadata	full
input	full/right-maximal/correctness_summary.tsv	323	931376358e5fc72278da7c7cc14d80c41ba6a2613e0efd9b0311f9dced83f267	2	10	dataset,scenario,oracle,min_length,reference_bases,query_count,query_bases,total_matches,result_checksum,status	e27d5047a4b4aa13ad72255babf2040dacf31fbaf7b41b7364b2ad2cb1605eb3	right-maximal	full
input	full/right-maximal/query_results.tsv	11560	42d07b6917adfc5f4afd516319047cea3f7bad45d4980fefc1f0b0905d310e40	40	38	dataset,method,algorithm,sa_acceleration,operation,min_length,query_count,query_bases,seconds_median,seconds_min,seconds_max,query_bases_per_second,matches_per_second,query_peak_rss_mb_max,peak_rss_scope,total_matches,reported_matches,count_checksum,result_checksum,lookup_calls,binary_lookup_calls,learned_lookup_calls,suffix_link_attempts,suffix_link_successes,suffix_link_success_rate,suffix_link_fallbacks,previous_empty_lookups,lookup_character_comparisons,lookup_sa_row_accesses,predictions,prediction_error_mean,prediction_error_max,local_window_rows_mean,local_window_rows_max,full_binary_fallbacks,materialization_match_threshold,vector_skipped,status	fd3e1df94b90159240959de5a739d7b8f848460f5a8205e363d859360c3713ad	right-maximal	full
input	full/right-maximal/raw_repetitions.tsv	22830	089c6a965dde5b3b77b4074686fd6f53cd0e37841cec35eb20295ca982c9716c	78	37	dataset,method,operation,min_length,repetition,seconds,user_cpu_seconds,system_cpu_seconds,peak_rss_mb,peak_rss_scope,query_bases,serialized_bytes,allocated_disk_bytes,auxiliary_bytes,learned_index_bytes,materialization_match_threshold,vector_skipped,total_matches,reported_matches,count_checksum,result_checksum,lookup_calls,binary_lookup_calls,learned_lookup_calls,suffix_link_attempts,suffix_link_successes,suffix_link_fallbacks,previous_empty_lookups,lookup_character_comparisons,lookup_sa_row_accesses,predictions,prediction_error_sum,prediction_error_max,local_window_rows,local_window_rows_max,full_binary_fallbacks,status	e0c19394b1d2cd458a2cb7a87186aaf4df7d31fe7c1dd115bbf33cf097145677	right-maximal	full
input	full/right-maximal/run_metadata.tsv	593	231c7f070378726e7ea5ad2f81bf9c77f4a7ee882ae13a158ee2013c9630969d	1	27	profile,scenario,seed,dataset,dataset_fingerprint,total_bases,contigs,query_count,query_bases,build_repetitions,query_repetitions,warmups,vector_materialization_match_threshold,naive_right_maximal_oracle_status,oracle_reference_bases,oracle_query_bases,learned_k,learned_memory_overhead_basis_points,learned_bucket_bits,compiler,cmake_version,build_type,os,architecture,logical_cpus,mummer_version,mummer_sha256	7d0cff936d0f502b4fd3701e84a056bc5e665cbbd0243b2c4bb0807c025df060	metadata	full
input	full/sa-build-caps-default-k1-t64/build_results.tsv	936	d371de230b1b0f77c3d3e864282dedb2c80329e8221199f531e6dff0a21b42ec	1	33	method,effective_backend,coordinate_width,threads,sampling_rate,suffix_count,acceleration,repetitions,reference_read_seconds_median,normalization_seconds_median,sa_seconds_median,isa_seconds_median,lcp_seconds_median,child_seconds_median,sapling_seconds_median,build_seconds_median,build_seconds_min,build_seconds_max,build_user_seconds_median,build_system_seconds_median,peak_rss_mb_median,build_peak_rss_mb_median,save_seconds_median,save_peak_rss_mb_median,load_seconds_median,load_peak_rss_mb_median,serialized_bytes,allocated_disk_bytes,bits_per_base,learned_index_bytes,speedup_vs_divsufsort_same_width,parallel_efficiency_vs_caps_1_thread,status	c88977f73902a6ee7d0306d23e8422aa82bf826e8ec30534614cbf47fd379796	sa-build	full
input	full/sa-build-caps-default-k1-t64/raw_repetitions.tsv	1039	3affade611a0fa86209e342ebdbdb0cb85717d6ce2486626e6011293daeeb8a6	1	40	method,effective_backend,backend_signature,coordinate_width,threads,sampling_rate,suffix_count,subproblem_count,acceleration,repetition,total_bases,sequence_count,reference_read_seconds,normalization_seconds,sa_seconds,isa_seconds,lcp_seconds,child_seconds,sapling_seconds,build_wall_seconds,user_cpu_seconds,system_cpu_seconds,peak_rss_mb,build_peak_rss_mb,save_seconds,save_user_cpu_seconds,save_system_cpu_seconds,save_peak_rss_mb,load_seconds,load_user_cpu_seconds,load_system_cpu_seconds,load_peak_rss_mb,serialized_bytes,allocated_disk_bytes,bits_per_base,learned_index_bytes,sa_checksum,exact_checksum,right_maximal_checksum,status	626ac8cd18991a167938f612362d6fa2540bb558ab312c9e463fbe0b04dc45bf	sa-build	full
input	full/sa-build-caps-default-k1-t64/run_metadata.tsv	235	f20c3e2d2aea202507336186fa232e45672812624267d4b8e8184687be4bcd40	1	10	profile,seed,logical_cpus,acceleration,text_symbols,total_bases,sequence_count,dataset_fingerprint,reference_read_seconds,normalization_seconds	a5d58aa72d89a0cb2352ab6eee13af53175cb8f52e5bd1feead77813785f07b9	metadata	full
input	full/sa-build-default-k1/build_results.tsv	1229	93f709a9829ce98a612859824c0580086b1c16cebb9f35d50c50f47f4bea4c5d	2	33	method,effective_backend,coordinate_width,threads,sampling_rate,suffix_count,acceleration,repetitions,reference_read_seconds_median,normalization_seconds_median,sa_seconds_median,isa_seconds_median,lcp_seconds_median,child_seconds_median,sapling_seconds_median,build_seconds_median,build_seconds_min,build_seconds_max,build_user_seconds_median,build_system_seconds_median,peak_rss_mb_median,build_peak_rss_mb_median,save_seconds_median,save_peak_rss_mb_median,load_seconds_median,load_peak_rss_mb_median,serialized_bytes,allocated_disk_bytes,bits_per_base,learned_index_bytes,speedup_vs_divsufsort_same_width,parallel_efficiency_vs_caps_1_thread,status	c88977f73902a6ee7d0306d23e8422aa82bf826e8ec30534614cbf47fd379796	sa-build	full
input	full/sa-build-default-k1/raw_repetitions.tsv	1413	f12ea6c67e64cabba85e1023d78db301319c9990efc060d86f80140b63530a8a	2	40	method,effective_backend,backend_signature,coordinate_width,threads,sampling_rate,suffix_count,subproblem_count,acceleration,repetition,total_bases,sequence_count,reference_read_seconds,normalization_seconds,sa_seconds,isa_seconds,lcp_seconds,child_seconds,sapling_seconds,build_wall_seconds,user_cpu_seconds,system_cpu_seconds,peak_rss_mb,build_peak_rss_mb,save_seconds,save_user_cpu_seconds,save_system_cpu_seconds,save_peak_rss_mb,load_seconds,load_user_cpu_seconds,load_system_cpu_seconds,load_peak_rss_mb,serialized_bytes,allocated_disk_bytes,bits_per_base,learned_index_bytes,sa_checksum,exact_checksum,right_maximal_checksum,status	626ac8cd18991a167938f612362d6fa2540bb558ab312c9e463fbe0b04dc45bf	sa-build	full
input	full/sa-build-default-k1/run_metadata.tsv	235	def6f73c94a9ed2bbbb69f595c0bf9ef6e1ebd8d06f8d03ef95bf35d7ede9922	1	10	profile,seed,logical_cpus,acceleration,text_symbols,total_bases,sequence_count,dataset_fingerprint,reference_read_seconds,normalization_seconds	a5d58aa72d89a0cb2352ab6eee13af53175cb8f52e5bd1feead77813785f07b9	metadata	full
input	full/sa-build-sampled-k4/build_results.tsv	936	859c5d401ccc1b70fcafa0c4b73d63f312f8fd4fc7a15dbc6f91ee16affd9a3f	1	33	method,effective_backend,coordinate_width,threads,sampling_rate,suffix_count,acceleration,repetitions,reference_read_seconds_median,normalization_seconds_median,sa_seconds_median,isa_seconds_median,lcp_seconds_median,child_seconds_median,sapling_seconds_median,build_seconds_median,build_seconds_min,build_seconds_max,build_user_seconds_median,build_system_seconds_median,peak_rss_mb_median,build_peak_rss_mb_median,save_seconds_median,save_peak_rss_mb_median,load_seconds_median,load_peak_rss_mb_median,serialized_bytes,allocated_disk_bytes,bits_per_base,learned_index_bytes,speedup_vs_divsufsort_same_width,parallel_efficiency_vs_caps_1_thread,status	c88977f73902a6ee7d0306d23e8422aa82bf826e8ec30534614cbf47fd379796	sa-build	full
input	full/sa-build-sampled-k4/raw_repetitions.tsv	1018	a1dc555c2ac23677d60a87e572cd63f4d652e34fa359beebe55a202682aedf6c	1	40	method,effective_backend,backend_signature,coordinate_width,threads,sampling_rate,suffix_count,subproblem_count,acceleration,repetition,total_bases,sequence_count,reference_read_seconds,normalization_seconds,sa_seconds,isa_seconds,lcp_seconds,child_seconds,sapling_seconds,build_wall_seconds,user_cpu_seconds,system_cpu_seconds,peak_rss_mb,build_peak_rss_mb,save_seconds,save_user_cpu_seconds,save_system_cpu_seconds,save_peak_rss_mb,load_seconds,load_user_cpu_seconds,load_system_cpu_seconds,load_peak_rss_mb,serialized_bytes,allocated_disk_bytes,bits_per_base,learned_index_bytes,sa_checksum,exact_checksum,right_maximal_checksum,status	626ac8cd18991a167938f612362d6fa2540bb558ab312c9e463fbe0b04dc45bf	sa-build	full
input	full/sa-build-sampled-k4/run_metadata.tsv	235	3cf3084b9b5c3ffc4909ae36d3013f8c763bb87fb8bdf14e5ca1ff6577967ad8	1	10	profile,seed,logical_cpus,acceleration,text_symbols,total_bases,sequence_count,dataset_fingerprint,reference_read_seconds,normalization_seconds	a5d58aa72d89a0cb2352ab6eee13af53175cb8f52e5bd1feead77813785f07b9	metadata	full
input	headline/exact-build/build_results.tsv	1657	b2e8c3dc06020e38ef6ea3d70c01104537c9e632c92dc68061665323f27672ff	3	32	run_id,dataset,scenario,method,backend,backend_signature,sdsl_version,coordinate_width,sa_sampling_rate,threads,build_seconds_median,build_seconds_min,build_seconds_max,build_user_cpu_seconds_median,build_system_cpu_seconds_median,sa_build_seconds_median,isa_build_seconds_median,lcp_build_seconds_median,child_build_seconds_median,learned_index_build_seconds_median,all_phase_worker_peak_rss_mb_max,build_worker_peak_rss_mb_median,save_seconds_median,save_worker_peak_rss_mb_median,serialized_bytes,allocated_disk_bytes,learned_index_bytes,bits_per_base,load_seconds_median,load_worker_peak_rss_mb_median,query_worker_peak_rss_mb_max,status	66144e528cec6a8a537b528adefbc5a9040cbd53da6bbb8721609e4802943df2	exact	full
input	headline/exact-build/query_results.tsv	37211	903386d83b2c99466878d3ce4e36f907ed98ec96e297984cfe67f39f322a72eb	126	41	run_id,dataset,scenario,method,query_group,pattern_length,strand,operation,max_hits,query_count,skipped_high_frequency_queries,seconds_median,seconds_min,seconds_max,qps_median,nanoseconds_per_query_median,query_worker_peak_rss_mb,total_hits,reported_hits,result_checksum,suffix_comparisons,character_comparisons,gallop_probes,local_window_rows,local_window_rows_max,predictions,prediction_error_mean,prediction_error_p50,prediction_error_p95,prediction_error_p99,prediction_error_max,local_window_rows_p50,local_window_rows_p95,local_window_rows_p99,full_binary_fallbacks,status,fm_query_mode,fm_batch_width,query_bases,query_bases_per_second,speedup_vs_fm_huff_scalar	b370569c27cd53d321dc4e9f17fcf6897ed340d65872de386300371fd2c1e3b9	exact	full
input	headline/exact-build/raw_repetitions.tsv	3084330	717e906747fa44b68878bd17a331f4bb64c3815d9981295cd765543570783ee6	10153	57	run_id,dataset,scenario,method,phase,query_group,pattern_length,strand,operation,max_hits,repetition,query_count,skipped_high_frequency_queries,seconds,user_cpu_seconds,system_cpu_seconds,peak_rss_mb,peak_rss_scope,total_hits,reported_hits,result_checksum,status,query_id,query_source,suffix_comparisons,character_comparisons,gallop_probes,local_window_rows,local_window_rows_max,predictions,prediction_error_sum,prediction_error_max,full_binary_fallbacks,fm_query_mode,fm_batch_width,query_bases,query_bases_per_second,speedup_vs_fm_huff_scalar,threads,total_bases,serialized_bytes,allocated_disk_bytes,learned_index_bytes,sa_build_seconds,isa_build_seconds,lcp_build_seconds,child_build_seconds,learned_index_build_seconds,backend,backend_signature,sdsl_version,coordinate_width,sa_sampling_rate,canary_total_hits,canary_reported_hits,canary_checksum,query_threads	f05f676abdcdbd5c691e51b15d7a039d43c74bdebf9e6bb8187dcfe7b9873f84	exact	full
input	headline/exact-build/run_metadata.tsv	896	ef14eff4cd3349adea9199844fcaf892a2fd67a7a2f6418dac9f8f5328e747a8	1	38	run_id,timestamp,profile,scenario,seed,dataset,dataset_fingerprint,query_set_checksum,query_count,query_bases,total_bases,contigs,gc_fraction,ambiguous_fraction,repeat_fraction,methods,pattern_lengths,locate_limits,build_repetitions,query_repetitions,warmups,sa_threads,learned_k,learned_memory_overhead_basis_points,learned_bucket_bits,fm_query_modes,fm_batch_widths,fm_batch_width_overrides,reference_seconds,normalization_seconds,compiler,compiler_version,cmake_version,build_type,os,architecture,cpu_model,logical_cpus	abcd4eef9b0f611bdef36f58dc2946c6eef333708f1d6e07260987088bcf6b85	exact	full
input	headline/exact-query/build_results.tsv	1318	8d7bb80dbbe99e4b6aa6ea73cb23a2611e5b749fee8302644fde60dcf9ec132d	2	32	run_id,dataset,scenario,method,backend,backend_signature,sdsl_version,coordinate_width,sa_sampling_rate,threads,build_seconds_median,build_seconds_min,build_seconds_max,build_user_cpu_seconds_median,build_system_cpu_seconds_median,sa_build_seconds_median,isa_build_seconds_median,lcp_build_seconds_median,child_build_seconds_median,learned_index_build_seconds_median,all_phase_worker_peak_rss_mb_max,build_worker_peak_rss_mb_median,save_seconds_median,save_worker_peak_rss_mb_median,serialized_bytes,allocated_disk_bytes,learned_index_bytes,bits_per_base,load_seconds_median,load_worker_peak_rss_mb_median,query_worker_peak_rss_mb_max,status	66144e528cec6a8a537b528adefbc5a9040cbd53da6bbb8721609e4802943df2	exact	full
input	headline/exact-query/query_results.tsv	24986	f3d27f6979ff4c56aeb085a5b96f2b3a04af7271d926f54ff30f5363271a8307	84	41	run_id,dataset,scenario,method,query_group,pattern_length,strand,operation,max_hits,query_count,skipped_high_frequency_queries,seconds_median,seconds_min,seconds_max,qps_median,nanoseconds_per_query_median,query_worker_peak_rss_mb,total_hits,reported_hits,result_checksum,suffix_comparisons,character_comparisons,gallop_probes,local_window_rows,local_window_rows_max,predictions,prediction_error_mean,prediction_error_p50,prediction_error_p95,prediction_error_p99,prediction_error_max,local_window_rows_p50,local_window_rows_p95,local_window_rows_p99,full_binary_fallbacks,status,fm_query_mode,fm_batch_width,query_bases,query_bases_per_second,speedup_vs_fm_huff_scalar	b370569c27cd53d321dc4e9f17fcf6897ed340d65872de386300371fd2c1e3b9	exact	full
input	headline/exact-query/raw_repetitions.tsv	3205188	eb5e74cd5497501ac27513397ee1d8f6a527cf5a87c78b3f4feb9b0c7d64afcb	10426	57	run_id,dataset,scenario,method,phase,query_group,pattern_length,strand,operation,max_hits,repetition,query_count,skipped_high_frequency_queries,seconds,user_cpu_seconds,system_cpu_seconds,peak_rss_mb,peak_rss_scope,total_hits,reported_hits,result_checksum,status,query_id,query_source,suffix_comparisons,character_comparisons,gallop_probes,local_window_rows,local_window_rows_max,predictions,prediction_error_sum,prediction_error_max,full_binary_fallbacks,fm_query_mode,fm_batch_width,query_bases,query_bases_per_second,speedup_vs_fm_huff_scalar,threads,total_bases,serialized_bytes,allocated_disk_bytes,learned_index_bytes,sa_build_seconds,isa_build_seconds,lcp_build_seconds,child_build_seconds,learned_index_build_seconds,backend,backend_signature,sdsl_version,coordinate_width,sa_sampling_rate,canary_total_hits,canary_reported_hits,canary_checksum,query_threads	f05f676abdcdbd5c691e51b15d7a039d43c74bdebf9e6bb8187dcfe7b9873f84	exact	full
input	headline/exact-query/run_metadata.tsv	888	08db643abfb51e344228d7dd1a7eb413a1306cd206674c2615b26edd257940b2	1	38	run_id,timestamp,profile,scenario,seed,dataset,dataset_fingerprint,query_set_checksum,query_count,query_bases,total_bases,contigs,gc_fraction,ambiguous_fraction,repeat_fraction,methods,pattern_lengths,locate_limits,build_repetitions,query_repetitions,warmups,sa_threads,learned_k,learned_memory_overhead_basis_points,learned_bucket_bits,fm_query_modes,fm_batch_widths,fm_batch_width_overrides,reference_seconds,normalization_seconds,compiler,compiler_version,cmake_version,build_type,os,architecture,cpu_model,logical_cpus	abcd4eef9b0f611bdef36f58dc2946c6eef333708f1d6e07260987088bcf6b85	exact	full
input	manifest/SOURCE_ARCHIVE.sha256	132	703eb4b69010ca1076b57295434e7fa06a681e79d732ff9dca10dc1e925d1960	NA	NA	NA	NA	artifact	unknown
input	manifest/SOURCE_REVISION.txt	178	4869bc4bb9ab0ec2328275750bc89904651f43a5b80c313f9c60e169ac1f028f	NA	NA	NA	NA	artifact	unknown
input	manifest/binaries.sha256	353	d3a2b9db06b9fe6f5d0420275a1c9ec7e06403a85a99f690d50548a4d86861f0	NA	NA	NA	NA	artifact	unknown
input	manifest/binaries.txt	1899	5b9619ee14461753b856ea464dcd6174f7651fb4c8a4cb75bd52c731b890ab98	NA	NA	NA	NA	artifact	unknown
input	manifest/ctest-binaries.sha256	353	d3a2b9db06b9fe6f5d0420275a1c9ec7e06403a85a99f690d50548a4d86861f0	NA	NA	NA	NA	artifact	unknown
input	manifest/environment.txt	5039	bd4347726d1567a8ca61db61cb442a60fbd24cb05d6f1cc9be9cd417394d1a31	NA	NA	NA	NA	artifact	unknown
input	manifest/execution-scope.tsv	1142	5a007a80710f04f26a0301b5a3aec0481c20f2807f7e9daf33a78f2d3db18484	NA	NA	NA	NA	artifact	unknown
input	manifest/headline-dataset.sha256	386	a6b605bcbf1976779aae525e95b15142a2f96932df39bee587d2bd1642c26941	NA	NA	NA	NA	artifact	unknown
input	manifest/runner.sha256	186	5069747172896e8f86e31c1e55401194aa57419d6fba9b353b3e39dfb2493ee6	NA	NA	NA	NA	artifact	unknown
input	manifest/source-identity.sha256	65	f1df64322268315fec1376429c869f8c4133c44dcff1b4881636e30e3f6f371f	NA	NA	NA	NA	artifact	unknown
input	manifest/stages.tsv	2758	b5336b79f32a349b0aa9df033009b9f24e3a5a10babfd91b69a7f2bfefc54504	NA	NA	NA	NA	artifact	unknown
input	quick/exact/build_results.tsv	26447	86032d5eb2bfb66da7f63b6a02eadb191af00b3787d37c6987a9c1de73f48fbf	78	32	run_id,dataset,scenario,method,backend,backend_signature,sdsl_version,coordinate_width,sa_sampling_rate,threads,build_seconds_median,build_seconds_min,build_seconds_max,build_user_cpu_seconds_median,build_system_cpu_seconds_median,sa_build_seconds_median,isa_build_seconds_median,lcp_build_seconds_median,child_build_seconds_median,learned_index_build_seconds_median,all_phase_worker_peak_rss_mb_max,build_worker_peak_rss_mb_median,save_seconds_median,save_worker_peak_rss_mb_median,serialized_bytes,allocated_disk_bytes,learned_index_bytes,bits_per_base,load_seconds_median,load_worker_peak_rss_mb_median,query_worker_peak_rss_mb_max,status	66144e528cec6a8a537b528adefbc5a9040cbd53da6bbb8721609e4802943df2	exact	quick
input	quick/exact/query_results.tsv	13804384	6910c503761515c7093e4c500be27f6236a09ce7ea2777d27176e1603b877514	46620	41	run_id,dataset,scenario,method,query_group,pattern_length,strand,operation,max_hits,query_count,skipped_high_frequency_queries,seconds_median,seconds_min,seconds_max,qps_median,nanoseconds_per_query_median,query_worker_peak_rss_mb,total_hits,reported_hits,result_checksum,suffix_comparisons,character_comparisons,gallop_probes,local_window_rows,local_window_rows_max,predictions,prediction_error_mean,prediction_error_p50,prediction_error_p95,prediction_error_p99,prediction_error_max,local_window_rows_p50,local_window_rows_p95,local_window_rows_p99,full_binary_fallbacks,status,fm_query_mode,fm_batch_width,query_bases,query_bases_per_second,speedup_vs_fm_huff_scalar	b370569c27cd53d321dc4e9f17fcf6897ed340d65872de386300371fd2c1e3b9	exact	quick
input	quick/exact/raw_repetitions.tsv	99468016	dd1d67fbd27ba3997076bbf0adbba02703ccbc675b12168774d4f5bd31c72c7d	227008	57	run_id,dataset,scenario,method,phase,query_group,pattern_length,strand,operation,max_hits,repetition,query_count,skipped_high_frequency_queries,seconds,user_cpu_seconds,system_cpu_seconds,peak_rss_mb,peak_rss_scope,total_hits,reported_hits,result_checksum,status,query_id,query_source,suffix_comparisons,character_comparisons,gallop_probes,local_window_rows,local_window_rows_max,predictions,prediction_error_sum,prediction_error_max,full_binary_fallbacks,fm_query_mode,fm_batch_width,query_bases,query_bases_per_second,speedup_vs_fm_huff_scalar,threads,total_bases,serialized_bytes,allocated_disk_bytes,learned_index_bytes,sa_build_seconds,isa_build_seconds,lcp_build_seconds,child_build_seconds,learned_index_build_seconds,backend,backend_signature,sdsl_version,coordinate_width,sa_sampling_rate,canary_total_hits,canary_reported_hits,canary_checksum,query_threads	f05f676abdcdbd5c691e51b15d7a039d43c74bdebf9e6bb8187dcfe7b9873f84	exact	quick
input	quick/exact/run_metadata.tsv	4081	0d75e9a5e27ba958be65502c765e957ec11ab7c8d54e8df51bd262cad0be1f20	6	38	run_id,timestamp,profile,scenario,seed,dataset,dataset_fingerprint,query_set_checksum,query_count,query_bases,total_bases,contigs,gc_fraction,ambiguous_fraction,repeat_fraction,methods,pattern_lengths,locate_limits,build_repetitions,query_repetitions,warmups,sa_threads,learned_k,learned_memory_overhead_basis_points,learned_bucket_bits,fm_query_modes,fm_batch_widths,fm_batch_width_overrides,reference_seconds,normalization_seconds,compiler,compiler_version,cmake_version,build_type,os,architecture,cpu_model,logical_cpus	abcd4eef9b0f611bdef36f58dc2946c6eef333708f1d6e07260987088bcf6b85	exact	quick
input	quick/right-maximal/build_results.tsv	21871	000ac2c9b45cfae73301815831c32ff48d5b06c6b851eb1aaadcbbeb3cdd12ab	54	26	dataset,method,algorithm,sa_acceleration,sa_sampling_rate,repetitions,build_seconds,sa_build_seconds,isa_build_seconds,lcp_build_seconds,child_build_seconds,learned_index_build_seconds,save_seconds,load_seconds,build_peak_rss_mb_median,save_peak_rss_mb_median,load_peak_rss_mb_median,build_peak_rss_scope,save_peak_rss_scope,load_peak_rss_scope,serialized_bytes,allocated_disk_bytes,auxiliary_bytes,learned_index_bytes,bits_per_base,status	9810e788c3ef4565d294b8ffb71e68c34ebf4ca848507739e6dd1e169353dc24	metadata	quick
input	quick/right-maximal/correctness_summary.tsv	2164	f369fe63bd8dc2bff629e9173e0af7beac1ee306666d7ddb88b35bbc4b3f9270	18	10	dataset,scenario,oracle,min_length,reference_bases,query_count,query_bases,total_matches,result_checksum,status	e27d5047a4b4aa13ad72255babf2040dacf31fbaf7b41b7364b2ad2cb1605eb3	right-maximal	quick
input	quick/right-maximal/query_results.tsv	288683	a355125561e894605e0427858b0ce36b35dad7b169f58d2260101b4ce263ab21	864	38	dataset,method,algorithm,sa_acceleration,operation,min_length,query_count,query_bases,seconds_median,seconds_min,seconds_max,query_bases_per_second,matches_per_second,query_peak_rss_mb_max,peak_rss_scope,total_matches,reported_matches,count_checksum,result_checksum,lookup_calls,binary_lookup_calls,learned_lookup_calls,suffix_link_attempts,suffix_link_successes,suffix_link_success_rate,suffix_link_fallbacks,previous_empty_lookups,lookup_character_comparisons,lookup_sa_row_accesses,predictions,prediction_error_mean,prediction_error_max,local_window_rows_mean,local_window_rows_max,full_binary_fallbacks,materialization_match_threshold,vector_skipped,status	fd3e1df94b90159240959de5a739d7b8f848460f5a8205e363d859360c3713ad	right-maximal	quick
input	quick/right-maximal/raw_repetitions.tsv	1248417	dd766f355b1f509ae9cb7606676afc8efab1943ed4a625d4efcd669038eb3619	3942	37	dataset,method,operation,min_length,repetition,seconds,user_cpu_seconds,system_cpu_seconds,peak_rss_mb,peak_rss_scope,query_bases,serialized_bytes,allocated_disk_bytes,auxiliary_bytes,learned_index_bytes,materialization_match_threshold,vector_skipped,total_matches,reported_matches,count_checksum,result_checksum,lookup_calls,binary_lookup_calls,learned_lookup_calls,suffix_link_attempts,suffix_link_successes,suffix_link_fallbacks,previous_empty_lookups,lookup_character_comparisons,lookup_sa_row_accesses,predictions,prediction_error_sum,prediction_error_max,local_window_rows,local_window_rows_max,full_binary_fallbacks,status	e0c19394b1d2cd458a2cb7a87186aaf4df7d31fe7c1dd115bbf33cf097145677	right-maximal	quick
input	quick/right-maximal/run_metadata.tsv	1535	4f6be736711bd1be741f2e67506145eb3e5776129eecdca140df976d9d456709	6	27	profile,scenario,seed,dataset,dataset_fingerprint,total_bases,contigs,query_count,query_bases,build_repetitions,query_repetitions,warmups,vector_materialization_match_threshold,naive_right_maximal_oracle_status,oracle_reference_bases,oracle_query_bases,learned_k,learned_memory_overhead_basis_points,learned_bucket_bits,compiler,cmake_version,build_type,os,architecture,logical_cpus,mummer_version,mummer_sha256	7d0cff936d0f502b4fd3701e84a056bc5e665cbbd0243b2c4bb0807c025df060	metadata	quick
input	quick/sa-build-caps-default-k1/build_results.tsv	2767	ee218c09566a86f9f9efe93e9e907fc01c18ea6fd02b93e56bc16bc673b9ef2a	8	33	method,effective_backend,coordinate_width,threads,sampling_rate,suffix_count,acceleration,repetitions,reference_read_seconds_median,normalization_seconds_median,sa_seconds_median,isa_seconds_median,lcp_seconds_median,child_seconds_median,sapling_seconds_median,build_seconds_median,build_seconds_min,build_seconds_max,build_user_seconds_median,build_system_seconds_median,peak_rss_mb_median,build_peak_rss_mb_median,save_seconds_median,save_peak_rss_mb_median,load_seconds_median,load_peak_rss_mb_median,serialized_bytes,allocated_disk_bytes,bits_per_base,learned_index_bytes,speedup_vs_divsufsort_same_width,parallel_efficiency_vs_caps_1_thread,status	c88977f73902a6ee7d0306d23e8422aa82bf826e8ec30534614cbf47fd379796	sa-build	quick
input	quick/sa-build-caps-default-k1/raw_repetitions.tsv	9761	0dc3cc73b80f3124342d8e8c77dec746d32e2ef61b39ad42a892515c9b36c65f	24	40	method,effective_backend,backend_signature,coordinate_width,threads,sampling_rate,suffix_count,subproblem_count,acceleration,repetition,total_bases,sequence_count,reference_read_seconds,normalization_seconds,sa_seconds,isa_seconds,lcp_seconds,child_seconds,sapling_seconds,build_wall_seconds,user_cpu_seconds,system_cpu_seconds,peak_rss_mb,build_peak_rss_mb,save_seconds,save_user_cpu_seconds,save_system_cpu_seconds,save_peak_rss_mb,load_seconds,load_user_cpu_seconds,load_system_cpu_seconds,load_peak_rss_mb,serialized_bytes,allocated_disk_bytes,bits_per_base,learned_index_bytes,sa_checksum,exact_checksum,right_maximal_checksum,status	626ac8cd18991a167938f612362d6fa2540bb558ab312c9e463fbe0b04dc45bf	sa-build	quick
input	quick/sa-build-caps-default-k1/run_metadata.tsv	232	aa03bb5ecbb531a07a9936ce43efa4ab1fe779d6181fba9c2dd8b127f792e9f5	1	10	profile,seed,logical_cpus,acceleration,text_symbols,total_bases,sequence_count,dataset_fingerprint,reference_read_seconds,normalization_seconds	a5d58aa72d89a0cb2352ab6eee13af53175cb8f52e5bd1feead77813785f07b9	metadata	quick
input	quick/sa-build-default-k1/build_results.tsv	1191	925fa4ff086a9e09232d83e53d3028f5bd67b8e933dd07b0f274c24763b4d3b8	2	33	method,effective_backend,coordinate_width,threads,sampling_rate,suffix_count,acceleration,repetitions,reference_read_seconds_median,normalization_seconds_median,sa_seconds_median,isa_seconds_median,lcp_seconds_median,child_seconds_median,sapling_seconds_median,build_seconds_median,build_seconds_min,build_seconds_max,build_user_seconds_median,build_system_seconds_median,peak_rss_mb_median,build_peak_rss_mb_median,save_seconds_median,save_peak_rss_mb_median,load_seconds_median,load_peak_rss_mb_median,serialized_bytes,allocated_disk_bytes,bits_per_base,learned_index_bytes,speedup_vs_divsufsort_same_width,parallel_efficiency_vs_caps_1_thread,status	c88977f73902a6ee7d0306d23e8422aa82bf826e8ec30534614cbf47fd379796	sa-build	quick
input	quick/sa-build-default-k1/raw_repetitions.tsv	2841	c16c697beacd0e4279f76db12bf41da91778034b86af57aac690776668776f3b	6	40	method,effective_backend,backend_signature,coordinate_width,threads,sampling_rate,suffix_count,subproblem_count,acceleration,repetition,total_bases,sequence_count,reference_read_seconds,normalization_seconds,sa_seconds,isa_seconds,lcp_seconds,child_seconds,sapling_seconds,build_wall_seconds,user_cpu_seconds,system_cpu_seconds,peak_rss_mb,build_peak_rss_mb,save_seconds,save_user_cpu_seconds,save_system_cpu_seconds,save_peak_rss_mb,load_seconds,load_user_cpu_seconds,load_system_cpu_seconds,load_peak_rss_mb,serialized_bytes,allocated_disk_bytes,bits_per_base,learned_index_bytes,sa_checksum,exact_checksum,right_maximal_checksum,status	626ac8cd18991a167938f612362d6fa2540bb558ab312c9e463fbe0b04dc45bf	sa-build	quick
input	quick/sa-build-default-k1/run_metadata.tsv	232	f852c082472822f5e6d76a136cfcad9e64c648c99f9d1f72a1ee982fcd34be2a	1	10	profile,seed,logical_cpus,acceleration,text_symbols,total_bases,sequence_count,dataset_fingerprint,reference_read_seconds,normalization_seconds	a5d58aa72d89a0cb2352ab6eee13af53175cb8f52e5bd1feead77813785f07b9	metadata	quick
input	quick/sa-build-full-k1/build_results.tsv	916	3ec6ff6288d72df29d08602c0aceecb556645ad82dff82a428cda76bea42921b	1	33	method,effective_backend,coordinate_width,threads,sampling_rate,suffix_count,acceleration,repetitions,reference_read_seconds_median,normalization_seconds_median,sa_seconds_median,isa_seconds_median,lcp_seconds_median,child_seconds_median,sapling_seconds_median,build_seconds_median,build_seconds_min,build_seconds_max,build_user_seconds_median,build_system_seconds_median,peak_rss_mb_median,build_peak_rss_mb_median,save_seconds_median,save_peak_rss_mb_median,load_seconds_median,load_peak_rss_mb_median,serialized_bytes,allocated_disk_bytes,bits_per_base,learned_index_bytes,speedup_vs_divsufsort_same_width,parallel_efficiency_vs_caps_1_thread,status	c88977f73902a6ee7d0306d23e8422aa82bf826e8ec30534614cbf47fd379796	sa-build	quick
input	quick/sa-build-full-k1/raw_repetitions.tsv	1773	20f5bc9c55d4112cdf1b2228de3154373737a7ea3ef7965ee90d53b4f545f8ea	3	40	method,effective_backend,backend_signature,coordinate_width,threads,sampling_rate,suffix_count,subproblem_count,acceleration,repetition,total_bases,sequence_count,reference_read_seconds,normalization_seconds,sa_seconds,isa_seconds,lcp_seconds,child_seconds,sapling_seconds,build_wall_seconds,user_cpu_seconds,system_cpu_seconds,peak_rss_mb,build_peak_rss_mb,save_seconds,save_user_cpu_seconds,save_system_cpu_seconds,save_peak_rss_mb,load_seconds,load_user_cpu_seconds,load_system_cpu_seconds,load_peak_rss_mb,serialized_bytes,allocated_disk_bytes,bits_per_base,learned_index_bytes,sa_checksum,exact_checksum,right_maximal_checksum,status	626ac8cd18991a167938f612362d6fa2540bb558ab312c9e463fbe0b04dc45bf	sa-build	quick
input	quick/sa-build-full-k1/run_metadata.tsv	225	72008b2706c814370e14ee34a47191442e8d3639fe6f2b7dbcc373219a79c6b4	1	10	profile,seed,logical_cpus,acceleration,text_symbols,total_bases,sequence_count,dataset_fingerprint,reference_read_seconds,normalization_seconds	a5d58aa72d89a0cb2352ab6eee13af53175cb8f52e5bd1feead77813785f07b9	metadata	quick
input	quick/sa-build-none-k1/build_results.tsv	1169	f504e9feb77934cf740c5a49152a4f4d5ced76be0b67ebf114735034f3210694	2	33	method,effective_backend,coordinate_width,threads,sampling_rate,suffix_count,acceleration,repetitions,reference_read_seconds_median,normalization_seconds_median,sa_seconds_median,isa_seconds_median,lcp_seconds_median,child_seconds_median,sapling_seconds_median,build_seconds_median,build_seconds_min,build_seconds_max,build_user_seconds_median,build_system_seconds_median,peak_rss_mb_median,build_peak_rss_mb_median,save_seconds_median,save_peak_rss_mb_median,load_seconds_median,load_peak_rss_mb_median,serialized_bytes,allocated_disk_bytes,bits_per_base,learned_index_bytes,speedup_vs_divsufsort_same_width,parallel_efficiency_vs_caps_1_thread,status	c88977f73902a6ee7d0306d23e8422aa82bf826e8ec30534614cbf47fd379796	sa-build	quick
input	quick/sa-build-none-k1/raw_repetitions.tsv	2775	16b0cfb932233db9721b57a0a8de3584363ba6c6b5d697aa08cc74ebeeeb0918	6	40	method,effective_backend,backend_signature,coordinate_width,threads,sampling_rate,suffix_count,subproblem_count,acceleration,repetition,total_bases,sequence_count,reference_read_seconds,normalization_seconds,sa_seconds,isa_seconds,lcp_seconds,child_seconds,sapling_seconds,build_wall_seconds,user_cpu_seconds,system_cpu_seconds,peak_rss_mb,build_peak_rss_mb,save_seconds,save_user_cpu_seconds,save_system_cpu_seconds,save_peak_rss_mb,load_seconds,load_user_cpu_seconds,load_system_cpu_seconds,load_peak_rss_mb,serialized_bytes,allocated_disk_bytes,bits_per_base,learned_index_bytes,sa_checksum,exact_checksum,right_maximal_checksum,status	626ac8cd18991a167938f612362d6fa2540bb558ab312c9e463fbe0b04dc45bf	sa-build	quick
input	quick/sa-build-none-k1/run_metadata.tsv	225	7ca0c38ce63d2fafb4c3ae1df05c8d0a4bcd1ad431028252b9fbca889d8c515a	1	10	profile,seed,logical_cpus,acceleration,text_symbols,total_bases,sequence_count,dataset_fingerprint,reference_read_seconds,normalization_seconds	a5d58aa72d89a0cb2352ab6eee13af53175cb8f52e5bd1feead77813785f07b9	metadata	quick
input	quick/sa-build-sampled-k2-k4-k8/build_results.tsv	1447	f53d5fd8d60f7c122b5c6eaf53d4d951df2ea45f9b7489b14c437597ee3ae335	3	33	method,effective_backend,coordinate_width,threads,sampling_rate,suffix_count,acceleration,repetitions,reference_read_seconds_median,normalization_seconds_median,sa_seconds_median,isa_seconds_median,lcp_seconds_median,child_seconds_median,sapling_seconds_median,build_seconds_median,build_seconds_min,build_seconds_max,build_user_seconds_median,build_system_seconds_median,peak_rss_mb_median,build_peak_rss_mb_median,save_seconds_median,save_peak_rss_mb_median,load_seconds_median,load_peak_rss_mb_median,serialized_bytes,allocated_disk_bytes,bits_per_base,learned_index_bytes,speedup_vs_divsufsort_same_width,parallel_efficiency_vs_caps_1_thread,status	c88977f73902a6ee7d0306d23e8422aa82bf826e8ec30534614cbf47fd379796	sa-build	quick
input	quick/sa-build-sampled-k2-k4-k8/raw_repetitions.tsv	3894	7f39bd41ff2de77db08c9c18388b7a895daa9c4f3bab035bb712a13002e9918d	9	40	method,effective_backend,backend_signature,coordinate_width,threads,sampling_rate,suffix_count,subproblem_count,acceleration,repetition,total_bases,sequence_count,reference_read_seconds,normalization_seconds,sa_seconds,isa_seconds,lcp_seconds,child_seconds,sapling_seconds,build_wall_seconds,user_cpu_seconds,system_cpu_seconds,peak_rss_mb,build_peak_rss_mb,save_seconds,save_user_cpu_seconds,save_system_cpu_seconds,save_peak_rss_mb,load_seconds,load_user_cpu_seconds,load_system_cpu_seconds,load_peak_rss_mb,serialized_bytes,allocated_disk_bytes,bits_per_base,learned_index_bytes,sa_checksum,exact_checksum,right_maximal_checksum,status	626ac8cd18991a167938f612362d6fa2540bb558ab312c9e463fbe0b04dc45bf	sa-build	quick
input	quick/sa-build-sampled-k2-k4-k8/run_metadata.tsv	232	67306d1b9b44eed2bc5cb66811ee07578990960b51e81ed84b224d91d1b58531	1	10	profile,seed,logical_cpus,acceleration,text_symbols,total_bases,sequence_count,dataset_fingerprint,reference_read_seconds,normalization_seconds	a5d58aa72d89a0cb2352ab6eee13af53175cb8f52e5bd1feead77813785f07b9	metadata	quick
input	quick/sa-build-sapling-k1/build_results.tsv	921	d1cf2ee238ba0810cb4b227b928efdcb9665b8f3d6c9982702afe75e21c0c9be	1	33	method,effective_backend,coordinate_width,threads,sampling_rate,suffix_count,acceleration,repetitions,reference_read_seconds_median,normalization_seconds_median,sa_seconds_median,isa_seconds_median,lcp_seconds_median,child_seconds_median,sapling_seconds_median,build_seconds_median,build_seconds_min,build_seconds_max,build_user_seconds_median,build_system_seconds_median,peak_rss_mb_median,build_peak_rss_mb_median,save_seconds_median,save_peak_rss_mb_median,load_seconds_median,load_peak_rss_mb_median,serialized_bytes,allocated_disk_bytes,bits_per_base,learned_index_bytes,speedup_vs_divsufsort_same_width,parallel_efficiency_vs_caps_1_thread,status	c88977f73902a6ee7d0306d23e8422aa82bf826e8ec30534614cbf47fd379796	sa-build	quick
input	quick/sa-build-sapling-k1/raw_repetitions.tsv	1734	552d5ff0638cb72cd7b2a373dc8ed15d1c03accf0f9b117a670e228ec53ee78c	3	40	method,effective_backend,backend_signature,coordinate_width,threads,sampling_rate,suffix_count,subproblem_count,acceleration,repetition,total_bases,sequence_count,reference_read_seconds,normalization_seconds,sa_seconds,isa_seconds,lcp_seconds,child_seconds,sapling_seconds,build_wall_seconds,user_cpu_seconds,system_cpu_seconds,peak_rss_mb,build_peak_rss_mb,save_seconds,save_user_cpu_seconds,save_system_cpu_seconds,save_peak_rss_mb,load_seconds,load_user_cpu_seconds,load_system_cpu_seconds,load_peak_rss_mb,serialized_bytes,allocated_disk_bytes,bits_per_base,learned_index_bytes,sa_checksum,exact_checksum,right_maximal_checksum,status	626ac8cd18991a167938f612362d6fa2540bb558ab312c9e463fbe0b04dc45bf	sa-build	quick
input	quick/sa-build-sapling-k1/run_metadata.tsv	228	09b1da4a278a5379c5181ab2784c8d2b828fcbe45d191916cce88f1f22dcf317	1	10	profile,seed,logical_cpus,acceleration,text_symbols,total_bases,sequence_count,dataset_fingerprint,reference_read_seconds,normalization_seconds	a5d58aa72d89a0cb2352ab6eee13af53175cb8f52e5bd1feead77813785f07b9	metadata	quick
input	smoke/exact/build_results.tsv	4700	cd0ac23b1ecbc01db0054cda0d751a86952794d264093e4a90a11b747913ce20	13	32	run_id,dataset,scenario,method,backend,backend_signature,sdsl_version,coordinate_width,sa_sampling_rate,threads,build_seconds_median,build_seconds_min,build_seconds_max,build_user_cpu_seconds_median,build_system_cpu_seconds_median,sa_build_seconds_median,isa_build_seconds_median,lcp_build_seconds_median,child_build_seconds_median,learned_index_build_seconds_median,all_phase_worker_peak_rss_mb_max,build_worker_peak_rss_mb_median,save_seconds_median,save_worker_peak_rss_mb_median,serialized_bytes,allocated_disk_bytes,learned_index_bytes,bits_per_base,load_seconds_median,load_worker_peak_rss_mb_median,query_worker_peak_rss_mb_max,status	66144e528cec6a8a537b528adefbc5a9040cbd53da6bbb8721609e4802943df2	exact	smoke
input	smoke/exact/query_results.tsv	2208988	6ffc14543ac26a2c61484575d49a52a3ce815c7f99813e3b53ecb2d9327131e8	7770	41	run_id,dataset,scenario,method,query_group,pattern_length,strand,operation,max_hits,query_count,skipped_high_frequency_queries,seconds_median,seconds_min,seconds_max,qps_median,nanoseconds_per_query_median,query_worker_peak_rss_mb,total_hits,reported_hits,result_checksum,suffix_comparisons,character_comparisons,gallop_probes,local_window_rows,local_window_rows_max,predictions,prediction_error_mean,prediction_error_p50,prediction_error_p95,prediction_error_p99,prediction_error_max,local_window_rows_p50,local_window_rows_p95,local_window_rows_p99,full_binary_fallbacks,status,fm_query_mode,fm_batch_width,query_bases,query_bases_per_second,speedup_vs_fm_huff_scalar	b370569c27cd53d321dc4e9f17fcf6897ed340d65872de386300371fd2c1e3b9	exact	smoke
input	smoke/exact/raw_repetitions.tsv	9882076	4dd0787fdab264e6acc93321d353667ca216438cee5b0e6fbe2de0740a8ccc63	23449	57	run_id,dataset,scenario,method,phase,query_group,pattern_length,strand,operation,max_hits,repetition,query_count,skipped_high_frequency_queries,seconds,user_cpu_seconds,system_cpu_seconds,peak_rss_mb,peak_rss_scope,total_hits,reported_hits,result_checksum,status,query_id,query_source,suffix_comparisons,character_comparisons,gallop_probes,local_window_rows,local_window_rows_max,predictions,prediction_error_sum,prediction_error_max,full_binary_fallbacks,fm_query_mode,fm_batch_width,query_bases,query_bases_per_second,speedup_vs_fm_huff_scalar,threads,total_bases,serialized_bytes,allocated_disk_bytes,learned_index_bytes,sa_build_seconds,isa_build_seconds,lcp_build_seconds,child_build_seconds,learned_index_build_seconds,backend,backend_signature,sdsl_version,coordinate_width,sa_sampling_rate,canary_total_hits,canary_reported_hits,canary_checksum,query_threads	f05f676abdcdbd5c691e51b15d7a039d43c74bdebf9e6bb8187dcfe7b9873f84	exact	smoke
input	smoke/exact/run_metadata.tsv	1088	28b1be71a7f1de1d3bcfb442a962529e997330b9721f5f50a9804b199014c3af	1	38	run_id,timestamp,profile,scenario,seed,dataset,dataset_fingerprint,query_set_checksum,query_count,query_bases,total_bases,contigs,gc_fraction,ambiguous_fraction,repeat_fraction,methods,pattern_lengths,locate_limits,build_repetitions,query_repetitions,warmups,sa_threads,learned_k,learned_memory_overhead_basis_points,learned_bucket_bits,fm_query_modes,fm_batch_widths,fm_batch_width_overrides,reference_seconds,normalization_seconds,compiler,compiler_version,cmake_version,build_type,os,architecture,cpu_model,logical_cpus	abcd4eef9b0f611bdef36f58dc2946c6eef333708f1d6e07260987088bcf6b85	exact	smoke
input	smoke/right-maximal/build_results.tsv	3880	291a0f3bf80b40934556792db055011718d89a372ce83ae56445ffe4c2296ce5	9	26	dataset,method,algorithm,sa_acceleration,sa_sampling_rate,repetitions,build_seconds,sa_build_seconds,isa_build_seconds,lcp_build_seconds,child_build_seconds,learned_index_build_seconds,save_seconds,load_seconds,build_peak_rss_mb_median,save_peak_rss_mb_median,load_peak_rss_mb_median,build_peak_rss_scope,save_peak_rss_scope,load_peak_rss_scope,serialized_bytes,allocated_disk_bytes,auxiliary_bytes,learned_index_bytes,bits_per_base,status	9810e788c3ef4565d294b8ffb71e68c34ebf4ca848507739e6dd1e169353dc24	metadata	smoke
input	smoke/right-maximal/correctness_summary.tsv	428	a2974ceef4878fca9ea9112d7b56927e9ea89b66aa28b3ea33b08c64281f6d9c	3	10	dataset,scenario,oracle,min_length,reference_bases,query_count,query_bases,total_matches,result_checksum,status	e27d5047a4b4aa13ad72255babf2040dacf31fbaf7b41b7364b2ad2cb1605eb3	right-maximal	smoke
input	smoke/right-maximal/query_results.tsv	46579	86a30d740f0d287de57b1d1d1caea4217ab5225c00295e5638fd2b9290dd7389	144	38	dataset,method,algorithm,sa_acceleration,operation,min_length,query_count,query_bases,seconds_median,seconds_min,seconds_max,query_bases_per_second,matches_per_second,query_peak_rss_mb_max,peak_rss_scope,total_matches,reported_matches,count_checksum,result_checksum,lookup_calls,binary_lookup_calls,learned_lookup_calls,suffix_link_attempts,suffix_link_successes,suffix_link_success_rate,suffix_link_fallbacks,previous_empty_lookups,lookup_character_comparisons,lookup_sa_row_accesses,predictions,prediction_error_mean,prediction_error_max,local_window_rows_mean,local_window_rows_max,full_binary_fallbacks,materialization_match_threshold,vector_skipped,status	fd3e1df94b90159240959de5a739d7b8f848460f5a8205e363d859360c3713ad	right-maximal	smoke
input	smoke/right-maximal/raw_repetitions.tsv	114246	6c180bf79ca8fb21cb24305a87f7638e716ce4cba48e23d6eb6491f9ca9610f8	387	37	dataset,method,operation,min_length,repetition,seconds,user_cpu_seconds,system_cpu_seconds,peak_rss_mb,peak_rss_scope,query_bases,serialized_bytes,allocated_disk_bytes,auxiliary_bytes,learned_index_bytes,materialization_match_threshold,vector_skipped,total_matches,reported_matches,count_checksum,result_checksum,lookup_calls,binary_lookup_calls,learned_lookup_calls,suffix_link_attempts,suffix_link_successes,suffix_link_fallbacks,previous_empty_lookups,lookup_character_comparisons,lookup_sa_row_accesses,predictions,prediction_error_sum,prediction_error_max,local_window_rows,local_window_rows_max,full_binary_fallbacks,status	e0c19394b1d2cd458a2cb7a87186aaf4df7d31fe7c1dd115bbf33cf097145677	right-maximal	smoke
input	smoke/right-maximal/run_metadata.tsv	586	8e306723ca36e0518a31b596c90dce3a04ca482e4da46e32743f461396c70055	1	27	profile,scenario,seed,dataset,dataset_fingerprint,total_bases,contigs,query_count,query_bases,build_repetitions,query_repetitions,warmups,vector_materialization_match_threshold,naive_right_maximal_oracle_status,oracle_reference_bases,oracle_query_bases,learned_k,learned_memory_overhead_basis_points,learned_bucket_bits,compiler,cmake_version,build_type,os,architecture,logical_cpus,mummer_version,mummer_sha256	7d0cff936d0f502b4fd3701e84a056bc5e665cbbd0243b2c4bb0807c025df060	metadata	smoke
input	smoke/sa-build-caps-default-k1/build_results.tsv	2665	06c42920f1b6801fed76435c75bbcb612781ffb617ecbe040c34c341e55e3cf2	8	33	method,effective_backend,coordinate_width,threads,sampling_rate,suffix_count,acceleration,repetitions,reference_read_seconds_median,normalization_seconds_median,sa_seconds_median,isa_seconds_median,lcp_seconds_median,child_seconds_median,sapling_seconds_median,build_seconds_median,build_seconds_min,build_seconds_max,build_user_seconds_median,build_system_seconds_median,peak_rss_mb_median,build_peak_rss_mb_median,save_seconds_median,save_peak_rss_mb_median,load_seconds_median,load_peak_rss_mb_median,serialized_bytes,allocated_disk_bytes,bits_per_base,learned_index_bytes,speedup_vs_divsufsort_same_width,parallel_efficiency_vs_caps_1_thread,status	c88977f73902a6ee7d0306d23e8422aa82bf826e8ec30534614cbf47fd379796	sa-build	smoke
input	smoke/sa-build-caps-default-k1/raw_repetitions.tsv	3531	1f4aa5ddffb281d86669a4e4b789e723378afacfbbe7cc22e04c56ec63fa1bfd	8	40	method,effective_backend,backend_signature,coordinate_width,threads,sampling_rate,suffix_count,subproblem_count,acceleration,repetition,total_bases,sequence_count,reference_read_seconds,normalization_seconds,sa_seconds,isa_seconds,lcp_seconds,child_seconds,sapling_seconds,build_wall_seconds,user_cpu_seconds,system_cpu_seconds,peak_rss_mb,build_peak_rss_mb,save_seconds,save_user_cpu_seconds,save_system_cpu_seconds,save_peak_rss_mb,load_seconds,load_user_cpu_seconds,load_system_cpu_seconds,load_peak_rss_mb,serialized_bytes,allocated_disk_bytes,bits_per_base,learned_index_bytes,sa_checksum,exact_checksum,right_maximal_checksum,status	626ac8cd18991a167938f612362d6fa2540bb558ab312c9e463fbe0b04dc45bf	sa-build	smoke
input	smoke/sa-build-caps-default-k1/run_metadata.tsv	228	cb71096e4759aa676618b8c7d76790e9977d485ee7b370bc3a3ee38803b89c29	1	10	profile,seed,logical_cpus,acceleration,text_symbols,total_bases,sequence_count,dataset_fingerprint,reference_read_seconds,normalization_seconds	a5d58aa72d89a0cb2352ab6eee13af53175cb8f52e5bd1feead77813785f07b9	metadata	smoke
input	smoke/sa-build-default-k1/build_results.tsv	1165	28e8006c8cd808be775a5ee69577a05f31b848e08ec04895a5810872ae7f8d7f	2	33	method,effective_backend,coordinate_width,threads,sampling_rate,suffix_count,acceleration,repetitions,reference_read_seconds_median,normalization_seconds_median,sa_seconds_median,isa_seconds_median,lcp_seconds_median,child_seconds_median,sapling_seconds_median,build_seconds_median,build_seconds_min,build_seconds_max,build_user_seconds_median,build_system_seconds_median,peak_rss_mb_median,build_peak_rss_mb_median,save_seconds_median,save_peak_rss_mb_median,load_seconds_median,load_peak_rss_mb_median,serialized_bytes,allocated_disk_bytes,bits_per_base,learned_index_bytes,speedup_vs_divsufsort_same_width,parallel_efficiency_vs_caps_1_thread,status	c88977f73902a6ee7d0306d23e8422aa82bf826e8ec30534614cbf47fd379796	sa-build	smoke
input	smoke/sa-build-default-k1/raw_repetitions.tsv	1341	0a30ca95e23816a48a56067a518061b831d994bce1cc74302ce6e5db60533d80	2	40	method,effective_backend,backend_signature,coordinate_width,threads,sampling_rate,suffix_count,subproblem_count,acceleration,repetition,total_bases,sequence_count,reference_read_seconds,normalization_seconds,sa_seconds,isa_seconds,lcp_seconds,child_seconds,sapling_seconds,build_wall_seconds,user_cpu_seconds,system_cpu_seconds,peak_rss_mb,build_peak_rss_mb,save_seconds,save_user_cpu_seconds,save_system_cpu_seconds,save_peak_rss_mb,load_seconds,load_user_cpu_seconds,load_system_cpu_seconds,load_peak_rss_mb,serialized_bytes,allocated_disk_bytes,bits_per_base,learned_index_bytes,sa_checksum,exact_checksum,right_maximal_checksum,status	626ac8cd18991a167938f612362d6fa2540bb558ab312c9e463fbe0b04dc45bf	sa-build	smoke
input	smoke/sa-build-default-k1/run_metadata.tsv	228	6264186847430ee2d7d158bfee150823fc74bc852577b9d5fb0e1c28dfedfee0	1	10	profile,seed,logical_cpus,acceleration,text_symbols,total_bases,sequence_count,dataset_fingerprint,reference_read_seconds,normalization_seconds	a5d58aa72d89a0cb2352ab6eee13af53175cb8f52e5bd1feead77813785f07b9	metadata	smoke
input	smoke/sa-build-full-k1/build_results.tsv	902	526ff936f1006bbffa80a8edcf5912616ffd77dbfe14576031d28551509afcc7	1	33	method,effective_backend,coordinate_width,threads,sampling_rate,suffix_count,acceleration,repetitions,reference_read_seconds_median,normalization_seconds_median,sa_seconds_median,isa_seconds_median,lcp_seconds_median,child_seconds_median,sapling_seconds_median,build_seconds_median,build_seconds_min,build_seconds_max,build_user_seconds_median,build_system_seconds_median,peak_rss_mb_median,build_peak_rss_mb_median,save_seconds_median,save_peak_rss_mb_median,load_seconds_median,load_peak_rss_mb_median,serialized_bytes,allocated_disk_bytes,bits_per_base,learned_index_bytes,speedup_vs_divsufsort_same_width,parallel_efficiency_vs_caps_1_thread,status	c88977f73902a6ee7d0306d23e8422aa82bf826e8ec30534614cbf47fd379796	sa-build	smoke
input	smoke/sa-build-full-k1/raw_repetitions.tsv	1001	1799562ad1360255f7423a10c21afc9e105b51a72b86e9f3224fe8a6ae751c7a	1	40	method,effective_backend,backend_signature,coordinate_width,threads,sampling_rate,suffix_count,subproblem_count,acceleration,repetition,total_bases,sequence_count,reference_read_seconds,normalization_seconds,sa_seconds,isa_seconds,lcp_seconds,child_seconds,sapling_seconds,build_wall_seconds,user_cpu_seconds,system_cpu_seconds,peak_rss_mb,build_peak_rss_mb,save_seconds,save_user_cpu_seconds,save_system_cpu_seconds,save_peak_rss_mb,load_seconds,load_user_cpu_seconds,load_system_cpu_seconds,load_peak_rss_mb,serialized_bytes,allocated_disk_bytes,bits_per_base,learned_index_bytes,sa_checksum,exact_checksum,right_maximal_checksum,status	626ac8cd18991a167938f612362d6fa2540bb558ab312c9e463fbe0b04dc45bf	sa-build	smoke
input	smoke/sa-build-full-k1/run_metadata.tsv	221	aad3beb0197dea12088c1040e1a3483b589b8ae4c4e5f30b29c0acee5c467885	1	10	profile,seed,logical_cpus,acceleration,text_symbols,total_bases,sequence_count,dataset_fingerprint,reference_read_seconds,normalization_seconds	a5d58aa72d89a0cb2352ab6eee13af53175cb8f52e5bd1feead77813785f07b9	metadata	smoke
input	smoke/sa-build-none-k1/build_results.tsv	1147	5ce01537bda1309d501a1fccc641fb9e4101c2e08d9255e452597fd1b34ed96d	2	33	method,effective_backend,coordinate_width,threads,sampling_rate,suffix_count,acceleration,repetitions,reference_read_seconds_median,normalization_seconds_median,sa_seconds_median,isa_seconds_median,lcp_seconds_median,child_seconds_median,sapling_seconds_median,build_seconds_median,build_seconds_min,build_seconds_max,build_user_seconds_median,build_system_seconds_median,peak_rss_mb_median,build_peak_rss_mb_median,save_seconds_median,save_peak_rss_mb_median,load_seconds_median,load_peak_rss_mb_median,serialized_bytes,allocated_disk_bytes,bits_per_base,learned_index_bytes,speedup_vs_divsufsort_same_width,parallel_efficiency_vs_caps_1_thread,status	c88977f73902a6ee7d0306d23e8422aa82bf826e8ec30534614cbf47fd379796	sa-build	smoke
input	smoke/sa-build-none-k1/raw_repetitions.tsv	1323	e0b96ea5d6d9b725a03cc1ede4ecc65446fe02d518eea4bea285b3ce58e7c804	2	40	method,effective_backend,backend_signature,coordinate_width,threads,sampling_rate,suffix_count,subproblem_count,acceleration,repetition,total_bases,sequence_count,reference_read_seconds,normalization_seconds,sa_seconds,isa_seconds,lcp_seconds,child_seconds,sapling_seconds,build_wall_seconds,user_cpu_seconds,system_cpu_seconds,peak_rss_mb,build_peak_rss_mb,save_seconds,save_user_cpu_seconds,save_system_cpu_seconds,save_peak_rss_mb,load_seconds,load_user_cpu_seconds,load_system_cpu_seconds,load_peak_rss_mb,serialized_bytes,allocated_disk_bytes,bits_per_base,learned_index_bytes,sa_checksum,exact_checksum,right_maximal_checksum,status	626ac8cd18991a167938f612362d6fa2540bb558ab312c9e463fbe0b04dc45bf	sa-build	smoke
input	smoke/sa-build-none-k1/run_metadata.tsv	221	e1ee20fc5b88db74d6f274be85820c4fd9c407701708ab006b3fbc405759d0e6	1	10	profile,seed,logical_cpus,acceleration,text_symbols,total_bases,sequence_count,dataset_fingerprint,reference_read_seconds,normalization_seconds	a5d58aa72d89a0cb2352ab6eee13af53175cb8f52e5bd1feead77813785f07b9	metadata	smoke
input	smoke/sa-build-sampled-k2-k4-k8/build_results.tsv	1411	531c63b3a00baa36513e4921f76451fc22f0c79215a62c0934d862d64a38de80	3	33	method,effective_backend,coordinate_width,threads,sampling_rate,suffix_count,acceleration,repetitions,reference_read_seconds_median,normalization_seconds_median,sa_seconds_median,isa_seconds_median,lcp_seconds_median,child_seconds_median,sapling_seconds_median,build_seconds_median,build_seconds_min,build_seconds_max,build_user_seconds_median,build_system_seconds_median,peak_rss_mb_median,build_peak_rss_mb_median,save_seconds_median,save_peak_rss_mb_median,load_seconds_median,load_peak_rss_mb_median,serialized_bytes,allocated_disk_bytes,bits_per_base,learned_index_bytes,speedup_vs_divsufsort_same_width,parallel_efficiency_vs_caps_1_thread,status	c88977f73902a6ee7d0306d23e8422aa82bf826e8ec30534614cbf47fd379796	sa-build	smoke
input	smoke/sa-build-sampled-k2-k4-k8/raw_repetitions.tsv	1679	3a880c03fc63748cb44e28a8f709f60c93c96d819ca4f6f4e0f6da19154a080f	3	40	method,effective_backend,backend_signature,coordinate_width,threads,sampling_rate,suffix_count,subproblem_count,acceleration,repetition,total_bases,sequence_count,reference_read_seconds,normalization_seconds,sa_seconds,isa_seconds,lcp_seconds,child_seconds,sapling_seconds,build_wall_seconds,user_cpu_seconds,system_cpu_seconds,peak_rss_mb,build_peak_rss_mb,save_seconds,save_user_cpu_seconds,save_system_cpu_seconds,save_peak_rss_mb,load_seconds,load_user_cpu_seconds,load_system_cpu_seconds,load_peak_rss_mb,serialized_bytes,allocated_disk_bytes,bits_per_base,learned_index_bytes,sa_checksum,exact_checksum,right_maximal_checksum,status	626ac8cd18991a167938f612362d6fa2540bb558ab312c9e463fbe0b04dc45bf	sa-build	smoke
input	smoke/sa-build-sampled-k2-k4-k8/run_metadata.tsv	228	331896ba21e498a76b8f3eaf47788e2fa90c2d99b4e6189ad637253d44e3f495	1	10	profile,seed,logical_cpus,acceleration,text_symbols,total_bases,sequence_count,dataset_fingerprint,reference_read_seconds,normalization_seconds	a5d58aa72d89a0cb2352ab6eee13af53175cb8f52e5bd1feead77813785f07b9	metadata	smoke
input	smoke/sa-build-sapling-k1/build_results.tsv	907	894823026818d93528121a10ab3523f68b67a995220e22537147a00c1df8e962	1	33	method,effective_backend,coordinate_width,threads,sampling_rate,suffix_count,acceleration,repetitions,reference_read_seconds_median,normalization_seconds_median,sa_seconds_median,isa_seconds_median,lcp_seconds_median,child_seconds_median,sapling_seconds_median,build_seconds_median,build_seconds_min,build_seconds_max,build_user_seconds_median,build_system_seconds_median,peak_rss_mb_median,build_peak_rss_mb_median,save_seconds_median,save_peak_rss_mb_median,load_seconds_median,load_peak_rss_mb_median,serialized_bytes,allocated_disk_bytes,bits_per_base,learned_index_bytes,speedup_vs_divsufsort_same_width,parallel_efficiency_vs_caps_1_thread,status	c88977f73902a6ee7d0306d23e8422aa82bf826e8ec30534614cbf47fd379796	sa-build	smoke
input	smoke/sa-build-sapling-k1/raw_repetitions.tsv	987	cfb605a7258f303a8d7ee6c7cf4a2b5e45645378f2604dee261f42ba290e5ba6	1	40	method,effective_backend,backend_signature,coordinate_width,threads,sampling_rate,suffix_count,subproblem_count,acceleration,repetition,total_bases,sequence_count,reference_read_seconds,normalization_seconds,sa_seconds,isa_seconds,lcp_seconds,child_seconds,sapling_seconds,build_wall_seconds,user_cpu_seconds,system_cpu_seconds,peak_rss_mb,build_peak_rss_mb,save_seconds,save_user_cpu_seconds,save_system_cpu_seconds,save_peak_rss_mb,load_seconds,load_user_cpu_seconds,load_system_cpu_seconds,load_peak_rss_mb,serialized_bytes,allocated_disk_bytes,bits_per_base,learned_index_bytes,sa_checksum,exact_checksum,right_maximal_checksum,status	626ac8cd18991a167938f612362d6fa2540bb558ab312c9e463fbe0b04dc45bf	sa-build	smoke
input	smoke/sa-build-sapling-k1/run_metadata.tsv	224	6466df9bc547c19f0e8567b05182146fb9b6621280833df095db49eb2ff044bc	1	10	profile,seed,logical_cpus,acceleration,text_symbols,total_bases,sequence_count,dataset_fingerprint,reference_read_seconds,normalization_seconds	a5d58aa72d89a0cb2352ab6eee13af53175cb8f52e5bd1feead77813785f07b9	metadata	smoke
input	standard/exact/build_results.tsv	1977	e19bb15e1ce9eecf0125b20b068fe4e2a6c3d63eeff8b03aee47eac70e63bc6a	4	32	run_id,dataset,scenario,method,backend,backend_signature,sdsl_version,coordinate_width,sa_sampling_rate,threads,build_seconds_median,build_seconds_min,build_seconds_max,build_user_cpu_seconds_median,build_system_cpu_seconds_median,sa_build_seconds_median,isa_build_seconds_median,lcp_build_seconds_median,child_build_seconds_median,learned_index_build_seconds_median,all_phase_worker_peak_rss_mb_max,build_worker_peak_rss_mb_median,save_seconds_median,save_worker_peak_rss_mb_median,serialized_bytes,allocated_disk_bytes,learned_index_bytes,bits_per_base,load_seconds_median,load_worker_peak_rss_mb_median,query_worker_peak_rss_mb_max,status	66144e528cec6a8a537b528adefbc5a9040cbd53da6bbb8721609e4802943df2	exact	standard
input	standard/exact/query_results.tsv	226891	9d2d88cf5e035494bd21da8c2f0669a31180976552ce2711043bc2c13ea62cd8	756	41	run_id,dataset,scenario,method,query_group,pattern_length,strand,operation,max_hits,query_count,skipped_high_frequency_queries,seconds_median,seconds_min,seconds_max,qps_median,nanoseconds_per_query_median,query_worker_peak_rss_mb,total_hits,reported_hits,result_checksum,suffix_comparisons,character_comparisons,gallop_probes,local_window_rows,local_window_rows_max,predictions,prediction_error_mean,prediction_error_p50,prediction_error_p95,prediction_error_p99,prediction_error_max,local_window_rows_p50,local_window_rows_p95,local_window_rows_p99,full_binary_fallbacks,status,fm_query_mode,fm_batch_width,query_bases,query_bases_per_second,speedup_vs_fm_huff_scalar	b370569c27cd53d321dc4e9f17fcf6897ed340d65872de386300371fd2c1e3b9	exact	standard
input	standard/exact/raw_repetitions.tsv	2554641	1a17f0b996e95c0e370b93a923312b7c654cdaff6229ebdb080d357239284c75	7280	57	run_id,dataset,scenario,method,phase,query_group,pattern_length,strand,operation,max_hits,repetition,query_count,skipped_high_frequency_queries,seconds,user_cpu_seconds,system_cpu_seconds,peak_rss_mb,peak_rss_scope,total_hits,reported_hits,result_checksum,status,query_id,query_source,suffix_comparisons,character_comparisons,gallop_probes,local_window_rows,local_window_rows_max,predictions,prediction_error_sum,prediction_error_max,full_binary_fallbacks,fm_query_mode,fm_batch_width,query_bases,query_bases_per_second,speedup_vs_fm_huff_scalar,threads,total_bases,serialized_bytes,allocated_disk_bytes,learned_index_bytes,sa_build_seconds,isa_build_seconds,lcp_build_seconds,child_build_seconds,learned_index_build_seconds,backend,backend_signature,sdsl_version,coordinate_width,sa_sampling_rate,canary_total_hits,canary_reported_hits,canary_checksum,query_threads	f05f676abdcdbd5c691e51b15d7a039d43c74bdebf9e6bb8187dcfe7b9873f84	exact	standard
input	standard/exact/run_metadata.tsv	936	3729d5c30afb9433e4ee7d72835adddcf2a6c6bbb7b288794cb300bd7518940a	1	38	run_id,timestamp,profile,scenario,seed,dataset,dataset_fingerprint,query_set_checksum,query_count,query_bases,total_bases,contigs,gc_fraction,ambiguous_fraction,repeat_fraction,methods,pattern_lengths,locate_limits,build_repetitions,query_repetitions,warmups,sa_threads,learned_k,learned_memory_overhead_basis_points,learned_bucket_bits,fm_query_modes,fm_batch_widths,fm_batch_width_overrides,reference_seconds,normalization_seconds,compiler,compiler_version,cmake_version,build_type,os,architecture,cpu_model,logical_cpus	abcd4eef9b0f611bdef36f58dc2946c6eef333708f1d6e07260987088bcf6b85	exact	standard
input	standard/right-maximal/build_results.tsv	1627	a4a367748e249ba1eb05346da3395d01a5814973b895e8c922126215debcaf9f	3	26	dataset,method,algorithm,sa_acceleration,sa_sampling_rate,repetitions,build_seconds,sa_build_seconds,isa_build_seconds,lcp_build_seconds,child_build_seconds,learned_index_build_seconds,save_seconds,load_seconds,build_peak_rss_mb_median,save_peak_rss_mb_median,load_peak_rss_mb_median,build_peak_rss_scope,save_peak_rss_scope,load_peak_rss_scope,serialized_bytes,allocated_disk_bytes,auxiliary_bytes,learned_index_bytes,bits_per_base,status	9810e788c3ef4565d294b8ffb71e68c34ebf4ca848507739e6dd1e169353dc24	metadata	standard
input	standard/right-maximal/correctness_summary.tsv	331	1e1cb365884dbcabc44f119b5d161b94e6b04cb8637e0aa998ddcec7885b4d76	2	10	dataset,scenario,oracle,min_length,reference_bases,query_count,query_bases,total_matches,result_checksum,status	e27d5047a4b4aa13ad72255babf2040dacf31fbaf7b41b7364b2ad2cb1605eb3	right-maximal	standard
input	standard/right-maximal/query_results.tsv	14402	de0b794abff3aa34f55053bc13fa698bb2f113a0ba92ef5b60a9fb41674573a0	48	38	dataset,method,algorithm,sa_acceleration,operation,min_length,query_count,query_bases,seconds_median,seconds_min,seconds_max,query_bases_per_second,matches_per_second,query_peak_rss_mb_max,peak_rss_scope,total_matches,reported_matches,count_checksum,result_checksum,lookup_calls,binary_lookup_calls,learned_lookup_calls,suffix_link_attempts,suffix_link_successes,suffix_link_success_rate,suffix_link_fallbacks,previous_empty_lookups,lookup_character_comparisons,lookup_sa_row_accesses,predictions,prediction_error_mean,prediction_error_max,local_window_rows_mean,local_window_rows_max,full_binary_fallbacks,materialization_match_threshold,vector_skipped,status	fd3e1df94b90159240959de5a739d7b8f848460f5a8205e363d859360c3713ad	right-maximal	standard
input	standard/right-maximal/raw_repetitions.tsv	31158	6a4c09259aa46cd597df69f477385cda53cc8a05a01e75fdb09412c59ee8fa42	105	37	dataset,method,operation,min_length,repetition,seconds,user_cpu_seconds,system_cpu_seconds,peak_rss_mb,peak_rss_scope,query_bases,serialized_bytes,allocated_disk_bytes,auxiliary_bytes,learned_index_bytes,materialization_match_threshold,vector_skipped,total_matches,reported_matches,count_checksum,result_checksum,lookup_calls,binary_lookup_calls,learned_lookup_calls,suffix_link_attempts,suffix_link_successes,suffix_link_fallbacks,previous_empty_lookups,lookup_character_comparisons,lookup_sa_row_accesses,predictions,prediction_error_sum,prediction_error_max,local_window_rows,local_window_rows_max,full_binary_fallbacks,status	e0c19394b1d2cd458a2cb7a87186aaf4df7d31fe7c1dd115bbf33cf097145677	right-maximal	standard
input	standard/right-maximal/run_metadata.tsv	599	9c357646eefc9c63f3f3f5dce99893eec46298f199bec9934c2e6a138793566a	1	27	profile,scenario,seed,dataset,dataset_fingerprint,total_bases,contigs,query_count,query_bases,build_repetitions,query_repetitions,warmups,vector_materialization_match_threshold,naive_right_maximal_oracle_status,oracle_reference_bases,oracle_query_bases,learned_k,learned_memory_overhead_basis_points,learned_bucket_bits,compiler,cmake_version,build_type,os,architecture,logical_cpus,mummer_version,mummer_sha256	7d0cff936d0f502b4fd3701e84a056bc5e665cbbd0243b2c4bb0807c025df060	metadata	standard
input	standard/sa-build-caps-default-k1-t64/build_results.tsv	925	e0b9139abf4b62cd347f6174b509cc81d314641dc45296102cc415f41a4acf37	1	33	method,effective_backend,coordinate_width,threads,sampling_rate,suffix_count,acceleration,repetitions,reference_read_seconds_median,normalization_seconds_median,sa_seconds_median,isa_seconds_median,lcp_seconds_median,child_seconds_median,sapling_seconds_median,build_seconds_median,build_seconds_min,build_seconds_max,build_user_seconds_median,build_system_seconds_median,peak_rss_mb_median,build_peak_rss_mb_median,save_seconds_median,save_peak_rss_mb_median,load_seconds_median,load_peak_rss_mb_median,serialized_bytes,allocated_disk_bytes,bits_per_base,learned_index_bytes,speedup_vs_divsufsort_same_width,parallel_efficiency_vs_caps_1_thread,status	c88977f73902a6ee7d0306d23e8422aa82bf826e8ec30534614cbf47fd379796	sa-build	standard
input	standard/sa-build-caps-default-k1-t64/raw_repetitions.tsv	1027	cfd40d1e6149c2ce3f51b3545ef04c38fb567710f2b31747ab7dc741adb99338	1	40	method,effective_backend,backend_signature,coordinate_width,threads,sampling_rate,suffix_count,subproblem_count,acceleration,repetition,total_bases,sequence_count,reference_read_seconds,normalization_seconds,sa_seconds,isa_seconds,lcp_seconds,child_seconds,sapling_seconds,build_wall_seconds,user_cpu_seconds,system_cpu_seconds,peak_rss_mb,build_peak_rss_mb,save_seconds,save_user_cpu_seconds,save_system_cpu_seconds,save_peak_rss_mb,load_seconds,load_user_cpu_seconds,load_system_cpu_seconds,load_peak_rss_mb,serialized_bytes,allocated_disk_bytes,bits_per_base,learned_index_bytes,sa_checksum,exact_checksum,right_maximal_checksum,status	626ac8cd18991a167938f612362d6fa2540bb558ab312c9e463fbe0b04dc45bf	sa-build	standard
input	standard/sa-build-caps-default-k1-t64/run_metadata.tsv	236	78930d4c157c49af3dd0da47ac195abf7e7bb42157597d012ce37fd42a65247e	1	10	profile,seed,logical_cpus,acceleration,text_symbols,total_bases,sequence_count,dataset_fingerprint,reference_read_seconds,normalization_seconds	a5d58aa72d89a0cb2352ab6eee13af53175cb8f52e5bd1feead77813785f07b9	metadata	standard
input	standard/sa-build-default-k1/build_results.tsv	1201	887842f8c99a2077a49ac72d181950e953710aeec7a1413ec4a1163da45a8841	2	33	method,effective_backend,coordinate_width,threads,sampling_rate,suffix_count,acceleration,repetitions,reference_read_seconds_median,normalization_seconds_median,sa_seconds_median,isa_seconds_median,lcp_seconds_median,child_seconds_median,sapling_seconds_median,build_seconds_median,build_seconds_min,build_seconds_max,build_user_seconds_median,build_system_seconds_median,peak_rss_mb_median,build_peak_rss_mb_median,save_seconds_median,save_peak_rss_mb_median,load_seconds_median,load_peak_rss_mb_median,serialized_bytes,allocated_disk_bytes,bits_per_base,learned_index_bytes,speedup_vs_divsufsort_same_width,parallel_efficiency_vs_caps_1_thread,status	c88977f73902a6ee7d0306d23e8422aa82bf826e8ec30534614cbf47fd379796	sa-build	standard
input	standard/sa-build-default-k1/raw_repetitions.tsv	1383	7d7c8a140b65005984fa605ea1abbd4908b6721fabe6730dad376c6563bcc3ab	2	40	method,effective_backend,backend_signature,coordinate_width,threads,sampling_rate,suffix_count,subproblem_count,acceleration,repetition,total_bases,sequence_count,reference_read_seconds,normalization_seconds,sa_seconds,isa_seconds,lcp_seconds,child_seconds,sapling_seconds,build_wall_seconds,user_cpu_seconds,system_cpu_seconds,peak_rss_mb,build_peak_rss_mb,save_seconds,save_user_cpu_seconds,save_system_cpu_seconds,save_peak_rss_mb,load_seconds,load_user_cpu_seconds,load_system_cpu_seconds,load_peak_rss_mb,serialized_bytes,allocated_disk_bytes,bits_per_base,learned_index_bytes,sa_checksum,exact_checksum,right_maximal_checksum,status	626ac8cd18991a167938f612362d6fa2540bb558ab312c9e463fbe0b04dc45bf	sa-build	standard
input	standard/sa-build-default-k1/run_metadata.tsv	236	bbf3b03873a116b1ec1c19e32eba1b19c6ae9fffbbc69efd8054829c438af228	1	10	profile,seed,logical_cpus,acceleration,text_symbols,total_bases,sequence_count,dataset_fingerprint,reference_read_seconds,normalization_seconds	a5d58aa72d89a0cb2352ab6eee13af53175cb8f52e5bd1feead77813785f07b9	metadata	standard
input	standard/sa-build-sampled-k4/build_results.tsv	924	a2209a2ece759c6ec895394b5d9daafbd97370c5f17ab985e0c1b012eee92fd5	1	33	method,effective_backend,coordinate_width,threads,sampling_rate,suffix_count,acceleration,repetitions,reference_read_seconds_median,normalization_seconds_median,sa_seconds_median,isa_seconds_median,lcp_seconds_median,child_seconds_median,sapling_seconds_median,build_seconds_median,build_seconds_min,build_seconds_max,build_user_seconds_median,build_system_seconds_median,peak_rss_mb_median,build_peak_rss_mb_median,save_seconds_median,save_peak_rss_mb_median,load_seconds_median,load_peak_rss_mb_median,serialized_bytes,allocated_disk_bytes,bits_per_base,learned_index_bytes,speedup_vs_divsufsort_same_width,parallel_efficiency_vs_caps_1_thread,status	c88977f73902a6ee7d0306d23e8422aa82bf826e8ec30534614cbf47fd379796	sa-build	standard
input	standard/sa-build-sampled-k4/raw_repetitions.tsv	1007	4691d440a9867212863e95182f04fb6c91572e8d92fc5de1d1448d048c344786	1	40	method,effective_backend,backend_signature,coordinate_width,threads,sampling_rate,suffix_count,subproblem_count,acceleration,repetition,total_bases,sequence_count,reference_read_seconds,normalization_seconds,sa_seconds,isa_seconds,lcp_seconds,child_seconds,sapling_seconds,build_wall_seconds,user_cpu_seconds,system_cpu_seconds,peak_rss_mb,build_peak_rss_mb,save_seconds,save_user_cpu_seconds,save_system_cpu_seconds,save_peak_rss_mb,load_seconds,load_user_cpu_seconds,load_system_cpu_seconds,load_peak_rss_mb,serialized_bytes,allocated_disk_bytes,bits_per_base,learned_index_bytes,sa_checksum,exact_checksum,right_maximal_checksum,status	626ac8cd18991a167938f612362d6fa2540bb558ab312c9e463fbe0b04dc45bf	sa-build	standard
input	standard/sa-build-sampled-k4/run_metadata.tsv	236	30688479391aa1f368dc65b36142ab715ebe95d684201099b5a8e111cc807705	1	10	profile,seed,logical_cpus,acceleration,text_symbols,total_bases,sequence_count,dataset_fingerprint,reference_read_seconds,normalization_seconds	a5d58aa72d89a0cb2352ab6eee13af53175cb8f52e5bd1feead77813785f07b9	metadata	standard
input	state/binary_manifest.complete	243	63ee9069068dc05c78d55b0f9008473e971198c32d8b18b4dde6de2a8b420498	NA	NA	NA	NA	artifact	unknown
input	state/build.complete	223	9adff04315e9fd225d54b9c9e55376964e2036eb725831799870180fdae270f9	NA	NA	NA	NA	artifact	unknown
input	state/configure.complete	231	5200dd1b2940f1171e474e4640164cde69a5ab30d26055cbd4c427b10b3c1f50	NA	NA	NA	NA	artifact	unknown
input	state/ctest.attempt.current.completed.20260824T010905Z.466083.26843	670	088719ff336aacc6bb6d235d4f10de1afe2e5319baffeebe4a4a78f16403042f	NA	NA	NA	NA	artifact	unknown
input	state/ctest.complete	308	ea1f2d539c310476e70bf70f44c9dd6beb35eb60354e3fc61069e9f873c3d6e6	NA	NA	NA	NA	artifact	unknown
input	state/environment.complete	235	46112c678304d9997fcc967fc309859475e99b8194852e40df9b98dc9b14b5d7	NA	NA	NA	NA	artifact	unknown
input	state/full_audit.complete	228	5fafaec5dba12b27b21825dbc35d357e325c96795cb72fbfe3a4100d8fd9bc13	NA	NA	NA	NA	artifact	unknown
input	state/full_exact.attempt.current.completed.20260824T045022Z.813840.26167	137	96e1a11d0131ba6030c244d13c1575cff2381f1254e6aab27018ade4ea76607f	NA	NA	NA	NA	artifact	unknown
input	state/full_exact.complete	310	9711f2319228567f3a2a5ed72ca4b9657afb303e288769385cd2e2d836c26d37	NA	NA	NA	NA	artifact	unknown
input	state/full_right_maximal.attempt.current.completed.20260824T054538Z.813840.30740	145	fd271d367176dbe8efdbf9f4f84f196dec4606cccf16007d61f37831351ec4fb	NA	NA	NA	NA	artifact	unknown
input	state/full_right_maximal.complete	334	071a5e4d75bb24068c5ca7dcd5d1892f40465a51876386e8282e5236a79cf86d	NA	NA	NA	NA	artifact	unknown
input	state/full_sa_build_caps_default_k1_t64.attempt.current.completed.20260824T050255Z.813840.2149	160	b67f0d681c2c72afe193f5b7bdfabe53fc54353a5bbac75783295382240d5106	NA	NA	NA	NA	artifact	unknown
input	state/full_sa_build_caps_default_k1_t64.complete	359	1b3afb502a7818898bf99d3e8b7c75ae4bbb45b39b3f461b9c055d37552df999	NA	NA	NA	NA	artifact	unknown
input	state/full_sa_build_default_k1.attempt.current.completed.20260824T045839Z.813840.4716	151	e1dc51efe913f594e08acb3e6cf9de3dc4415da788e1df716d6436c9e637088b	NA	NA	NA	NA	artifact	unknown
input	state/full_sa_build_default_k1.complete	341	0de7c2e681c8d5ff87242b11a6aa9074b8327cd6e100427a337c39d2b207ac28	NA	NA	NA	NA	artifact	unknown
input	state/full_sa_build_sampled_k4.attempt.current.completed.20260824T050010Z.813840.15567	151	b3ab4b0cd4da38c729b3d56af1fc8fa4c0c86eb982f2633318d8e6f72e70d8d7	NA	NA	NA	NA	artifact	unknown
input	state/full_sa_build_sampled_k4.complete	341	fba650d7a227d338b543c89d2b6d33c08298b53d4e27f4300f5c4edd0e9f5391	NA	NA	NA	NA	artifact	unknown
input	state/headline_exact_build.attempt.current.completed.20260824T065721Z.813840.30207	326	1b3889f7081ed61aaa988ead09214f816babfdf69b7835ba16c94c3c34452273	NA	NA	NA	NA	artifact	unknown
input	state/headline_exact_build.complete	252	32c8b402e526f19f87e07043e52617d5a9c69a7117d4a6879605a3c9ae007d31	NA	NA	NA	NA	artifact	unknown
input	state/headline_exact_query.attempt.current.completed.20260824T081528Z.813840.21281	147	55f4b6933aceb85f950dd50ca2e8a2b69f9f6fbe969960016ed977bf07d4d65b	NA	NA	NA	NA	artifact	unknown
input	state/headline_exact_query.complete	330	febf9feaef5c9c45f93ecf42d2f9690d3291b21a695f873a6b63799d0214dcc3	NA	NA	NA	NA	artifact	unknown
input	state/headline_right_maximal.attempt.current	149	8d333adc71a7aa774984bd384729ce1cb1cf63a1ecf3df152e17778b848bfeeb	NA	NA	NA	NA	artifact	unknown
input	state/quick_audit.complete	230	50d027e167c963adbc162184f5db4fa4ec374477b7cf0aaa9b19f8abba609116	NA	NA	NA	NA	artifact	unknown
input	state/quick_exact.attempt.current.completed.20260824T013446Z.466083.11338	137	223fec449f09a282dca4c57bd38adf25c80317a991a9a111315ab4dc824a8d14	NA	NA	NA	NA	artifact	unknown
input	state/quick_exact.complete	311	c8eea0226f455d9d9694066c07ab555796ce25b6f991ca3473c00516d751e6dc	NA	NA	NA	NA	artifact	unknown
input	state/quick_right_maximal.attempt.current.completed.20260824T023458Z.466083.17879	146	dc994e4bcae69c084042321dac00631bf509decfb3813f8b91ed37dc9974a09a	NA	NA	NA	NA	artifact	unknown
input	state/quick_right_maximal.complete	336	aaf3c44a7d0e5c0c80611e4b95546632b81f370dfc6965da97fb8cc964ad0a9d	NA	NA	NA	NA	artifact	unknown
input	state/quick_sa_build_caps_default_k1.attempt.current.completed.20260824T013638Z.466083.25443	156	2d8cf6ba98320f79d55e6f11a6c8432822044af5927895f328111c9fde06b958	NA	NA	NA	NA	artifact	unknown
input	state/quick_sa_build_caps_default_k1.complete	352	73698b3521ff0728289c3a957ff9c0ebb249421d5515c7df48dc8a68295e60c7	NA	NA	NA	NA	artifact	unknown
input	state/quick_sa_build_default_k1.attempt.current	127	c1d116558e0674f2ae735131c6c1084d8e8cdef561e238790af8b2eac0ac27dc	NA	NA	NA	NA	artifact	unknown
input	state/quick_sa_build_default_k1.complete	354	7f92227d05c882c05f0c9c9e9a3e56627e7b4a332d52cb43a00e0d80f7c9fe74	NA	NA	NA	NA	artifact	unknown
input	state/quick_sa_build_default_k1.complete.invalid.20260824T024431Z.715140.6127	354	eecae798fb5d6e98af1c737dbbdc97ab33f10bbe3004cb6cdc6dbc2a9e774840	NA	NA	NA	NA	artifact	unknown
input	state/quick_sa_build_default_k1.failed	243	9541fc755130504c26b49839edd188aabcf06fcfb5f9c3985b184ac5f4da9c40	NA	NA	NA	NA	artifact	unknown
input	state/quick_sa_build_full_k1.attempt.current.completed.20260824T013520Z.466083.23808	149	fbd9ab79b5310d5eee81feb61296f08c65b3270cbbe70d3fb1ee2d0ac5721e40	NA	NA	NA	NA	artifact	unknown
input	state/quick_sa_build_full_k1.complete	337	3a7977c89231ff153608cac76485dee0619af0b188add87af9ac561624744714	NA	NA	NA	NA	artifact	unknown
input	state/quick_sa_build_none_k1.attempt.current.completed.20260824T013454Z.466083.2810	149	8d8287ccca43dcefe2f2dd20c72b044dbbcda387cd0de0c7e16fe6a8c83ba4d9	NA	NA	NA	NA	artifact	unknown
input	state/quick_sa_build_none_k1.complete	337	ab973b771f30c65397e8017319b41e4d32a614130d488e4c80d7d1afbd24136a	NA	NA	NA	NA	artifact	unknown
input	state/quick_sa_build_sampled_k2_k4_k8.attempt.current.completed.20260824T013509Z.466083.480	157	8f4ea44d6e0aa793a021e1af12972177255f5a98cd46027b4cfefeccf327a05e	NA	NA	NA	NA	artifact	unknown
input	state/quick_sa_build_sampled_k2_k4_k8.complete	354	3454d07f5d30020da0041cf446399ecbd9994f477eae3fc2501338fcb5c77520	NA	NA	NA	NA	artifact	unknown
input	state/quick_sa_build_sapling_k1.attempt.current.completed.20260824T013528Z.466083.18664	152	18fe99e8ddaefd623f619fd820ecdeb6b4bcfc15466cbac2d60c9d162d62aa1a	NA	NA	NA	NA	artifact	unknown
input	state/quick_sa_build_sapling_k1.complete	343	2e479a5d8b76605b8a0eb142a9a8a543507e1a7291660224dec6d44e84e5830b	NA	NA	NA	NA	artifact	unknown
input	state/runner.lock	44	4746798e2984e15ad25c6b1784de3f1d899832b6008606f821a1bcca4f497b13	NA	NA	NA	NA	artifact	unknown
input	state/smoke_audit.complete	229	2be67e900d3d121577c4a1bf830921b5274017bc78c533dce1aab4a69e782b59	NA	NA	NA	NA	artifact	unknown
input	state/smoke_exact.attempt.current.completed.20260824T010907Z.466083.11581	137	a689be0d702d504ab67ffca05b7470b7a659850df0de7f4936130077c721301a	NA	NA	NA	NA	artifact	unknown
input	state/smoke_exact.complete	311	a5767cf7ef7d68126eabf36bc86805ef0f13deb36d5db4a4b00394e48d3b0826	NA	NA	NA	NA	artifact	unknown
input	state/smoke_right_maximal.attempt.current.completed.20260824T010912Z.466083.3080	146	74cea670416975a929d666baa149b5a42c64152a0e5437019098e46f01103f6f	NA	NA	NA	NA	artifact	unknown
input	state/smoke_right_maximal.complete	336	7074d5e79a1b7616127b024aabddf9e1ee0997e9a4271bd8ec9005b4ede5b202	NA	NA	NA	NA	artifact	unknown
input	state/smoke_sa_build_caps_default_k1.attempt.current.completed.20260824T010908Z.466083.27856	157	1673f29a0097f81e9be820112634d3f1584c1c16401ef906203cf8147d602dbe	NA	NA	NA	NA	artifact	unknown
input	state/smoke_sa_build_caps_default_k1.complete	353	509751a66bce91f0ba5dc32b4ae85a07c92aa309a1add577e4a15382b50bc040	NA	NA	NA	NA	artifact	unknown
input	state/smoke_sa_build_default_k1.attempt.current.completed.20260824T010908Z.466083.1452	152	8128e95b400e232a12972daa3910ad08b04daaf9cc317ef22621bf9c0df40290	NA	NA	NA	NA	artifact	unknown
input	state/smoke_sa_build_default_k1.complete	343	7b1463ab46162b72febd306ecb50b05d31aef4c402e5c8e046c25ec1b8484ede	NA	NA	NA	NA	artifact	unknown
input	state/smoke_sa_build_full_k1.attempt.current.completed.20260824T010908Z.466083.732	148	7b4bafc624da4cd1e07f3ee14bb212628c5ee1af61984df3d2e730f47e6d2cdf	NA	NA	NA	NA	artifact	unknown
input	state/smoke_sa_build_full_k1.complete	336	cda7195375ec0e3892d8e4bcd1aae2ee5f3d0e6813dcf789fb2767274f0c7cc1	NA	NA	NA	NA	artifact	unknown
input	state/smoke_sa_build_none_k1.attempt.current.completed.20260824T010907Z.466083.28238	149	25632df645d7f9f7c3c8dcc5023e1c483806f2e77f26a583b6f8e3628cfc6844	NA	NA	NA	NA	artifact	unknown
input	state/smoke_sa_build_none_k1.complete	337	366c8a8782ef5310928e2173e16544fbc730b6db007064ad98925282f4b095d6	NA	NA	NA	NA	artifact	unknown
input	state/smoke_sa_build_sampled_k2_k4_k8.attempt.current.completed.20260824T010908Z.466083.19665	157	c0225f6fe14324146eab05c2c593c56e225fa4727369b76951000d9366aca574	NA	NA	NA	NA	artifact	unknown
input	state/smoke_sa_build_sampled_k2_k4_k8.complete	354	efb705699409fedbf6a80e51588336648455c19137f439d1c156d273322f1335	NA	NA	NA	NA	artifact	unknown
input	state/smoke_sa_build_sapling_k1.attempt.current.completed.20260824T010908Z.466083.7414	151	c1a3fbbdddf81a896174fa8be8b926f7258546f4265031f0627afabe0215ec23	NA	NA	NA	NA	artifact	unknown
input	state/smoke_sa_build_sapling_k1.complete	342	586964981ecfbb418ed54c77464e2492802c2677e848ef97616d695378e2b710	NA	NA	NA	NA	artifact	unknown
input	state/standard_audit.complete	235	22355306d683eaed2f366eae20d92967ca98b97f5788a69729d527407884967e	NA	NA	NA	NA	artifact	unknown
input	state/standard_exact.attempt.current.completed.20260824T025238Z.718649.30508	139	19c04e8bd7fd43de5edafa9580e8ade646b0c8fafd56b97f7564be34ea2d27eb	NA	NA	NA	NA	artifact	unknown
input	state/standard_exact.complete	316	8d7d827417e84753b74bf999459176a984f6d998884bbada258b87ab2eea1395	NA	NA	NA	NA	artifact	unknown
input	state/standard_right_maximal.attempt.current.completed.20260824T030712Z.718649.5530	149	c38951af62afb118a36fd08770b6e170508288cd79e8b2a7e958ec37bb7b34a5	NA	NA	NA	NA	artifact	unknown
input	state/standard_right_maximal.complete	342	c22ee8d836440ecab7e4dba58978a6d0a1f73efd9baaddd05cdb11daefc8b218	NA	NA	NA	NA	artifact	unknown
input	state/standard_sa_build_caps_default_k1_t64.attempt.current.completed.20260824T025525Z.718649.17497	164	819861d53b23359e7fe1b6ce5906f2f20983ed9ed310acae7913d8cf7472259e	NA	NA	NA	NA	artifact	unknown
input	state/standard_sa_build_caps_default_k1_t64.complete	367	8b247bdf4bef3a49600d5b6a64000534e37a0873294b195eca1aaf0bf7a81f98	NA	NA	NA	NA	artifact	unknown
input	state/standard_sa_build_default_k1.complete	363	5eb014728c7c086a7df778809253692e2411352bd1162e2f3f8e8488b06c8b70	NA	NA	NA	NA	artifact	unknown
input	state/standard_sa_build_sampled_k4.attempt.current.completed.20260824T025506Z.718649.1439	154	f05ffdc37afcb764f2c6d621552fc73c82d57533d46fb2d38af297ebf25a34f8	NA	NA	NA	NA	artifact	unknown
input	state/standard_sa_build_sampled_k4.complete	348	d0a65677e2c01543c96c8ac550c1588839e628ba47f264dd2f826ba7d5240248	NA	NA	NA	NA	artifact	unknown
generated	README.md	1807	ca94aa47f09504be5c9105375357a6b4899fd9687250c4215a6197b7446ea71e	NA	NA	NA	NA	snapshot-artifact	snapshot
generated	build/README.md	496	ce1ececf8749e3d306136c91e12f998bc843fd2866cf2c2c8138e1c91d80ca1c	NA	NA	NA	NA	snapshot-artifact	snapshot
generated	build/build-results.tsv	34340	5d321b458fdaee681566e0d4aa835f3c85401ac76fb8ebc5ec60587317451a91	NA	NA	NA	NA	snapshot-artifact	snapshot
generated	build/caps-scaling.tsv	5690	4c773cb30ff906032f898868afa902604712baefdb5e87eb38b528714b8627ed	NA	NA	NA	NA	snapshot-artifact	snapshot
generated	build/sampling-space.tsv	7733	c0eae6f80359af45f35f74e0f1515c17c7c4557802efc73e4b8cb5ba75cddc13	NA	NA	NA	NA	snapshot-artifact	snapshot
generated	commands.md	465	b5ad473ede26422cdb08f73f9a245d981b358aa5c572ac16c9ba00c5057b4831	NA	NA	NA	NA	snapshot-artifact	snapshot
generated	correctness-summary.tsv	15359	547bbe0d13307bb2393a561b06f0220d21fa5b618be99eb96cee005b8bea0504	NA	NA	NA	NA	snapshot-artifact	snapshot
generated	environment.tsv	1284	c3bd26cd8a77c23f647080fcdb55c939f30b916dba36679ae84b3707fbd0363f	NA	NA	NA	NA	snapshot-artifact	snapshot
generated	exact/README.md	333	32115d82607c312eb33c9a1239d98e1caeb20a758333e21289f2fd3c29e23734	NA	NA	NA	NA	snapshot-artifact	snapshot
generated	exact/count-results.tsv	3632322	d10e7ff027791bc32f92487fded5fb43cfd5835fd0edcc285f98b01a0e8c425b	NA	NA	NA	NA	snapshot-artifact	snapshot
generated	exact/locate-results.tsv	8659904	7e2302dd8c3012ec8ba4f31554115d2746caa5790d6586ccf1de2e2b26e53c26	NA	NA	NA	NA	snapshot-artifact	snapshot
generated	figures/headline-performance.svg	3861	6247a061fc4c4c30b6ca237c32659588bf6b4c411090f9bb7a067dc5bff71451	NA	NA	NA	NA	snapshot-artifact	snapshot
generated	headline/README.md	304	59b03b4c74b29366f7d440afdd484731137e81e0d7e995588c6eb58c12335ed1	NA	NA	NA	NA	snapshot-artifact	snapshot
generated	headline/headline-build.tsv	452	331ec9fefea9fd912f325a22fe0e9851a6dcad89c2229a5b59831779a17aa92a	NA	NA	NA	NA	snapshot-artifact	snapshot
generated	headline/headline-exact.tsv	622	1f5f82e38012f60a54b7ae920c995239b71ec1189ef28d201fe10fe658ef1f74	NA	NA	NA	NA	snapshot-artifact	snapshot
generated	headline/headline-right-maximal.tsv	364	729bc4af4c5945116e412a4b1708298ed773bf70d55079338f146414c5dc925a	NA	NA	NA	NA	snapshot-artifact	snapshot
generated	headline/headline.tsv	1911	19119a066ca9db46cc8df79b3a14c51ed26d9b6d0bfc3be512c2f16b060b2606	NA	NA	NA	NA	snapshot-artifact	snapshot
generated	right-maximal/README.md	372	3c717ad304b71ed8fc002bd708c2f13ef6aae30f66cb5e197333aa9b02fb916f	NA	NA	NA	NA	snapshot-artifact	snapshot
generated	right-maximal/algorithm-ablation.tsv	208436	675a931c9b99d100c63797fbc7966d097297762c1905755383e8b06c787ef171	NA	NA	NA	NA	snapshot-artifact	snapshot
generated	scenarios/README.md	323	f332694ee18fffbba1c94987c2ee5b1057102550967428b5653cd73053615aba	NA	NA	NA	NA	snapshot-artifact	snapshot
